"N°","Color","Equipo Autonomo","Prioridad","Fecha apertura","Descripción anomalia","Estado actual"
"3","Azul","Alimentación y Extrusión","Baja","2019-01-31T23:10:10.000Z","Falta tornillo #G1-1","Cerrada"
"9","Azul","Alimentación y Extrusión","Media","2019-01-31T23:10:10.000Z","Brida superior descarga alimentación por transitube floja/grande y sujetada con cinta, #G1-2","Cerrada"
"15","Azul","Alimentación y Extrusión","Media","2019-01-31T23:10:10.000Z","Unión de caño de transporte de compuesto (PVC)ineficiente e insegura  #G1-3","Cerrada"
"20","Azul","Alimentación y Extrusión","Media","2019-01-31T23:10:10.000Z","Fijación de tapa rebatible incompleta (faltan tornillos  #G1-4","Cerrada"
"24","Azul","Alimentación y Extrusión","Baja","2019-01-31T23:10:10.000Z","Manguera flexible de cableado motor colgado de estructura  #G1-5","Cerrada"
"25","Azul","Alimentación y Extrusión","Media","2019-01-31T23:10:10.000Z","Luz que esta en nivel de tornillo alimentador sujeto precinto  #G1-6","Cerrada"
"31","Azul","Alimentación y Extrusión","Baja","2019-01-31T23:10:10.000Z","Manguera flexible cableado electroválvula colgando de estructura  #G1-7","Cerrada"
"34","Azul","Alimentación y Extrusión","Alta","2019-01-31T23:10:10.000Z","Perdida de compuestos  #G1-8","Cerrada"
"38","Azul","Alimentación y Extrusión","Baja","2019-01-31T23:10:10.000Z","Manguera flexible cableado motor vibrador silo chico recuperado colgando de estructura  #G1-9","Cerrada"
"41","Azul","Alimentación y Extrusión","Baja","2019-01-31T23:10:10.000Z","Falta indicador on /off llave de circuito neumático  #G1-10","Cerrada"
"47","Azul","Alimentación y Extrusión","Alta","2019-01-31T23:10:10.000Z","Perdida de compuesto por tapa , burlete salido  #G1-11","Cerrada"
"49","Azul","Alimentación y Extrusión","Alta","2019-01-31T23:10:10.000Z","Perdida de compuesto por tapa , burlete salido  #G1-12","Cerrada"
"53","Azul","Alimentación y Extrusión","Baja","2019-01-31T23:10:10.000Z","Falta indicador on/off , llave circuito neumático #G1-13","Cerrada"
"57","Azul","Alimentación y Extrusión","Baja","2019-01-31T23:10:10.000Z","Instalaciones neumáticas expuestas (falta protección e identificar. Juan lo ve con Barrionuevo. #G1-14","Cerrada"
"58","Azul","Alimentación y Extrusión","Baja","2019-01-31T23:10:10.000Z","Manguera flexible cableado iluminación colgando de estructura  #G1-15","Cerrada"
"62","Azul","Alimentación y Extrusión","Media","2019-01-31T23:10:10.000Z","Falta tapón salida del agua  #G1-17","Cerrada"
"66","Azul","Alimentación y Extrusión","Media","2019-01-31T23:10:10.000Z","Falta tapón salida del agua  #G1-18","Cerrada"
"67","Azul","Alimentación y Extrusión","Media","2019-01-31T23:10:10.000Z","Falta identificación adecuada de cables , faltan tapas al tablero #G1-19","Cerrada"
"69","Azul","Alimentación y Extrusión","Baja","2019-01-31T23:10:10.000Z","Falta de identificación etiquetad -zonas #G1-20","Cerrada"
"70","Azul","Alimentación y Extrusión","Media","2019-01-31T23:10:10.000Z","Falta manija a llave de cañería de aire bajo la camisa extrusor pierde aire en la lamina  #G1-21","Cerrada"
"71","Azul","Alimentación y Extrusión","Baja","2019-01-31T23:10:10.000Z","Cable de medidor de nivel rota /suelta . #G1-22","Cerrada"
"74","Azul","Alimentación y Extrusión","Baja","2019-01-31T23:10:10.000Z","Sin identificación cañerías de agua  #G1-23","Cerrada"
"76","Azul","Alimentación y Extrusión","Alta","2019-01-31T23:10:10.000Z","Aspiradoras en mal estado de funcionamiento  #G1-24","Cerrada"
"78","Azul","Alimentación y Extrusión","Alta","2019-01-31T23:10:10.000Z","Se puede mejorar el sistema de vacío p/limpieza  #G1-25","Cerrada"
"79","Azul","Alimentación y Extrusión","Alta","2019-01-31T23:10:10.000Z","Establecer procedimiento de limpieza - desde arriba hacia abajo con vacío  #G1-26","Cerrada"
"80","Azul","Alimentación y Extrusión","Baja","2019-01-31T23:10:10.000Z","Medidor de aire en desuso #G1-27","Cerrada"
"81","Azul","Alimentación y Extrusión","Media","2019-01-31T23:10:10.000Z","Identificar cañerías de aceite (revisar) #G1-28","Cerrada"
"82","Azul","Alimentación y Extrusión","Baja","2019-01-31T23:10:10.000Z","Caño de sistema de agua en bomba de vacío en desuso #G1-29","Cerrada"
"83","Azul","Alimentación y Extrusión","Baja","2019-01-31T23:10:10.000Z","Falta etiqueta de identificación calandra (on/off) #G1-30","Cerrada"
"84","Azul","Alimentación y Extrusión","Media","2019-01-31T23:10:10.000Z","Falta identificación etiqueta ""corte en línea - on/off"" en calandra  #G1-31","Cerrada"
"86","Azul","Calandrado","Media","2019-01-31T23:10:10.000Z","escalón no demarcado #G2-51","Cerrada"
"89","Azul","Calandrado","Media","2019-01-31T23:10:10.000Z","escalón no demarcado #G2-52","Cerrada"
"93","Azul","Calandrado","Baja","2019-01-31T23:10:10.000Z","manguera cortada #G2-53","Cerrada"
"97","Azul","Calandrado","Baja","2019-01-31T23:10:10.000Z","Acople suelto #G2-54","Cerrada"
"100","Azul","Calandrado","Baja","2019-01-31T23:10:10.000Z","Flexible suelto #G2-55","Cerrada"
"102","Azul","Calandrado","Baja","2019-01-31T23:10:10.000Z","chapón protector suelto #G2-56","Cerrada"
"105","Azul","Calandrado","Baja","2019-01-31T23:10:10.000Z","identificar lado de apertura y cierre #G2-57","Cerrada"
"108","Azul","Calandrado","Baja","2019-01-31T23:10:10.000Z","acrílico en desuso #G2-58","Cerrada"
"119","Azul","Calandrado","Baja","2019-01-31T23:10:10.000Z","bandeja de aceite suelta #G2-61","Cerrada"
"123","Azul","Calandrado","Media","2019-01-31T23:10:10.000Z","falta tapa de medidor de aceite #G2-62","Cerrada"
"124","Azul","Calandrado","Baja","2019-01-31T23:10:10.000Z","perdida de aceite no contenida #G2-63","Cerrada"
"130","Azul","Alimentación y Extrusión","Media","2019-01-31T23:10:10.000Z","Mala fijación , banda anticaída de escalera  #G1-65","Cerrada"
"146","Azul","Alimentación y Extrusión","Media","2019-02-15T23:10:10.000Z","Falta identificación etiqueta ""debobinador 1 y 2 ""calandra  #G1-32","Cerrada"
"150","Azul","Servicios Auxiliares","Media","2019-02-28T23:10:10.000Z","Calandra, equipo aux frio. Válvula sin identificación, no se identifican a quienes pertenecen o si están abiertas o cerradas #G3-1","Cerrada"
"153","Azul","Servicios Auxiliares","Baja","2019-02-28T23:10:10.000Z","Tornillo de bomba en la calandra sobresale de la tuerca. #G3-2","Cerrada"
"154","Azul","Servicios Auxiliares","Media","2019-02-28T23:10:10.000Z","Equipo aux frio. Cables sujetados con cinta aisladora #G3-3","Cerrada"
"158","Azul","Servicios Auxiliares","Media","2019-02-28T23:10:10.000Z","Equipo de frio. Chapa doblada #G3-4","Cerrada"
"161","Azul","Servicios Auxiliares","Baja","2019-02-28T23:10:10.000Z","Calandra, equipo aux de enfriamiento. Madera arriba del equipo #G3-5","Cerrada"
"163","Azul","Servicios Auxiliares","Media","2019-02-28T23:10:10.000Z","En laminador el equipamiento de la bomba del rolo tiene faltantes de tapas laterales y superior #G3-6","Cerrada"
"172","Azul","Servicios Auxiliares","Media","2019-02-28T23:10:10.000Z","En extrusor planetario, problema con el cierre de tapa en zona de llaves de apertura y cierre de aceite #G3-507","Cerrada"
"176","Azul","Servicios Auxiliares","Media","2019-02-28T23:10:10.000Z","En caja de bomba extrusión, colocar tuerca a llave de aceite #G3-508","Cerrada"
"180","Azul","Servicios Auxiliares","Media","2019-02-28T23:10:10.000Z","En calandra, la válvula de apertura del equipo de aire comprimido no tiene manija #G3-509","Cerrada"
"184","Azul","Servicios Auxiliares","Alta","2019-02-28T23:10:10.000Z","La caja de bombas de los rolos tiene la puerta abierta #G3-510","Cerrada"
"188","Azul","Servicios Auxiliares","Baja","2019-02-28T23:10:10.000Z","La caja de bombas de los rolos tiene la tapa abierta #G3-511","Cerrada"
"191","Azul","Servicios Auxiliares","Baja","2019-02-28T23:10:10.000Z","La caja de bombas de los rolos faltan tuercas para asegurar puertas #G3-512","Cerrada"
"195","Azul","Servicios Auxiliares","Baja","2019-02-28T23:10:10.000Z","En caja de bomba C43, la válvula no tiene manija #G3-513","Cerrada"
"201","Azul","Servicios Auxiliares","Media","2019-02-28T23:10:10.000Z","En sector calandra, las válvulas de rolos laminadores no tienen identificación #G3-514","Cerrada"
"205","Azul","Servicios Auxiliares","Media","2019-02-28T23:10:10.000Z","En caja de bombas del rolo laminador no hay indicadores en los manómetros de presión de aceite #G3-515","Cerrada"
"206","Azul","Servicios Auxiliares","Baja","2019-02-28T23:10:10.000Z","En calandra, falta herramientas que están indicadas en el tablero #G3-516","Cerrada"
"209","Azul","Servicios Auxiliares","Media","2019-02-28T23:10:10.000Z","En sector calandra, las válvulas de rolos laminadores no tienen identificación #G3-517","Cerrada"
"213","Azul","Servicios Auxiliares","Media","2019-02-28T23:10:10.000Z","En sector calandra, las válvulas de rolos laminadores no tienen identificación #G3-518","Cerrada"
"216","Azul","Servicios Auxiliares","Media","2019-02-28T23:10:10.000Z","En sector calandra, falta de protección en equipos de bombas de rolo laminador #G3-519","Cerrada"
"217","Azul","Servicios Auxiliares","Media","2019-02-28T23:10:10.000Z","En sector calandra, falta de protección en equipos de bombas de rolo laminador #G3-520","Cerrada"
"220","Azul","Servicios Auxiliares","Media","2019-02-28T23:10:10.000Z","En sector calandra, falta de protección en equipos de bombas de rolo laminador #G3-521","Cerrada"
"222","Azul","Servicios Auxiliares","Media","2019-02-28T23:10:10.000Z","En sector calandra, acomodar protección en equipos de bombas de rolo laminador #G3-522","Cerrada"
"224","Azul","Calandrado","Media","2019-02-28T23:10:10.000Z","Hacer LUP cambio/manipulación cuchillas de refile #G2-523","Cerrada"
"225","Azul","Calandrado","Alta","2019-02-28T23:10:10.000Z","Hacer LUP pasaje sin 1° par de frio #G2-524","Cerrada"
"227","Azul","Servicios Auxiliares","Media","2019-02-28T23:10:10.000Z","La caja de la bomba extrusor en el sector calandra, tiene manómetro de extrusor y planetario sueltos #G3-525","Cerrada"
"230","Azul","Servicios Auxiliares","Baja","2019-02-28T23:10:10.000Z","La caja de la bomba extrusor en el sector calandra, el indicador del regulador de aire esta poco visible #G3-526","Cerrada"
"232","Azul","Servicios Auxiliares","Media","2019-02-28T23:10:10.000Z","La caja de la bomba extrusor en el sector calandra, faltan tuercas en los chapones #G3-527","Cerrada"
"233","Azul","Servicios Auxiliares","Media","2019-02-28T23:10:10.000Z","En el sector calandra, la mesa de limpieza esta sucia y desordenada #G3-528","Cerrada"
"245","Azul","Calandrado","Media","2019-03-25T23:10:10.000Z","Escalera a laminador suelta #G2-59","Cerrada"
"247","Azul","Servicios Auxiliares","Alta","2019-03-26T23:10:10.000Z","Los caños que alimentan el circuito no están identificados #G3-71","Cerrada"
"258","Azul","Alimentación y Extrusión","Media","2019-03-29T23:10:10.000Z","Aislación deteriorada en manguera de agua fría #G1-73","Cerrada"
"259","Azul","Alimentación y Extrusión","Media","2019-03-29T23:10:10.000Z","Soporte de caños rechazo detector de metales sin uso #G1-75","Cerrada"
"269","Azul","Alimentación y Extrusión","Media","2019-03-29T23:10:10.000Z","Muy sucia con elementos extraños sobre ellos #G1-529","Cerrada"
"272","Azul","Alimentación y Extrusión","Alta","2019-03-29T23:10:10.000Z","Gabinete de comando eléctrico de sist. De corte de refile obstruido por tacho de basura para papel #G1-532","Cerrada"
"273","Azul","Alimentación y Extrusión","Media","2019-03-29T23:10:10.000Z","Protección eje de caja reductora suelto #G1-534","Cerrada"
"274","Azul","Alimentación y Extrusión","Media","2019-03-29T23:10:10.000Z","Caja de luz cabina flojo, sin identificación on-off #G1-539","Cerrada"
"275","Azul","Alimentación y Extrusión","Media","2019-03-29T23:10:10.000Z","Colocar cierre rápido al final del circuito de rechazo ciclón. Compuesto, recuperado, det. de metales #G1-540","Abierta"
"280","Azul","Alimentación y Extrusión","Media","2019-03-29T23:10:10.000Z","Piso perforado en nivel 3 dejas caer suciedad hacia abajo #G1-702","Cerrada"
"279","Azul","Alimentación y Extrusión","Media","2019-03-29T23:10:10.000Z","Tapa de motor de tornillo tolva forzadora suelta #G1-701","Cerrada"
"281","Azul","Alimentación y Extrusión","Alta","2019-03-29T23:10:10.000Z","Equipo flojo / falta brida (sujeto con cinta) #G1-704","Cerrada"
"302","Azul","Alimentación y Extrusión","Alta","2019-04-03T23:10:10.000Z","Limpieza de fosa #G1-537","Cerrada"
"300","Azul","Alimentación y Extrusión","Media","2019-03-29T23:10:10.000Z","Cambio y colocación de ficha de 5 pines con tapón en caja cabezal extrusión superior e inferior #G1-1000","Cerrada"
"306","Azul","Calandrado","Media","2019-04-04T23:10:10.000Z","flexible separado de prensa cable en ambos lados en motor de nip roll #G2-533","Cerrada"
"308","Azul","Alimentación y Extrusión","Baja","2019-04-04T23:10:10.000Z","Manguera de aire que se encuentra debajo del tornillo extrusor puede producir accidente #G1-700","Cerrada"
"317","Azul","Calandrado","Media","2019-04-04T23:10:10.000Z","Prensa cables sueltos de sus fijaciones correspondientes en caja de rolo opresor de goma #G2-1001","Cerrada"
"319","Azul","Calandrado","Media","2019-04-04T23:10:10.000Z","Flexible separado de prensa cable en balancín #G2-1002","Cerrada"
"321","Azul","Servicios Auxiliares","Media","2019-04-04T23:10:10.000Z","Eliminar tornillo y tuerca #G3-1003","Cerrada"
"323","Azul","Alimentación y Extrusión","Baja","2019-04-04T23:10:10.000Z","Identificar cañerías #G1-1005","Cerrada"
"329","Azul","Calandrado","Media","2019-04-16T23:10:10.000Z","Colocar tapa de acrílico en reductor y marcar sentido de giro #G2-1006","Cerrada"
"335","Azul","Alimentación y Extrusión","Media","2019-04-17T23:10:10.000Z","Eliminar y ubicar en su lugar chapa de largada rechazo de maq #G1-1009","Cerrada"
"336","Azul","Alimentación y Extrusión","Media","2019-04-17T23:10:10.000Z","Falta tornillo soporte de tablero herramientas #G1-1010","Cerrada"
"354","Azul","Servicios Auxiliares","Media","2019-04-23T23:10:10.000Z","Colocar tapa a actuador de circuito de bomba de aceite #G3-1011","Cerrada"
"355","Azul","Servicios Auxiliares","Media","2019-04-23T23:10:10.000Z","Prensacables suelto #G3-1012","Cerrada"
"356","Azul","Servicios Auxiliares","Baja","2019-04-23T23:10:10.000Z","Faltan dos tornillos en ventana de acrílico #G3-1013","Cerrada"
"357","Azul","Alimentación y Extrusión","Media","2019-04-23T23:10:10.000Z","Protección del motor sin sus tornillos y floja #G1-1014","Cerrada"
"358","Azul","Calandrado","Media","2019-04-23T23:10:10.000Z","Eliminar cadena en desuso #G2-1015","Cerrada"
"359","Azul","Calandrado","Media","2019-04-23T23:10:10.000Z","Prensa manguera suelto #G2-1016","Cerrada"
"360","Azul","Alimentación y Extrusión","Media","2019-04-23T23:10:10.000Z","Precinto en desuso #G1-1017","Cerrada"
"361","Azul","Alimentación y Extrusión","Media","2019-04-23T23:10:10.000Z","Tolva alimentación de planetario con burlete despegado #G1-1018","Cerrada"
"363","Azul","Alimentación y Extrusión","Media","2019-04-23T23:10:10.000Z","Tornillo flojo en mecanismo de descarga de metales #G1-1020","Cerrada"
"362","Azul","Servicios Auxiliares","Alta","2019-04-23T23:10:10.000Z","Cables sueltos #G3-1019","Cerrada"
"364","Azul","Alimentación y Extrusión","Baja","2019-04-23T23:10:10.000Z","Chapón cobertor PT100 falta un tornillo #G1-1022","Cerrada"
"392","Azul","Alimentación y Extrusión","Media","2019-04-30T23:10:10.000Z","Falta tornillo en cabezal inferior #G1-1024","Cerrada"
"393","Azul","Alimentación y Extrusión","Media","2019-04-30T23:10:10.000Z","Foza debajo de extrusor llena de aceite agua y trapos #G1-1025","Cerrada"
"394","Azul","Alimentación y Extrusión","Media","2019-04-30T23:10:10.000Z","Foza debajo de carro extrusor con agua aceite y mugre #G1-1026","Cerrada"
"395","Azul","Alimentación y Extrusión","Media","2019-04-30T23:10:10.000Z","Burlete fino perdida de material #G1-1028","Cerrada"
"396","Azul","Alimentación y Extrusión","Media","2019-04-30T23:10:10.000Z","Orificios en uno de los costados de la caj de descarga del transitube #G1-1029","Cerrada"
"419","Azul","Alimentación y Extrusión","Baja","2019-05-15T23:10:10.000Z","Recubrimiento de manguera roto deteriorado en cabezal de extrusion #G1-1035","Cerrada"
"420","Azul","Alimentación y Extrusión","Media","2019-05-15T23:10:10.000Z","Las mangas de descarte de ciclon compuesto y retrabajo se tapan por falta de limpieza y recambio. Realizar preventivo controlar limpieza y cambio #G1-1036","Cerrada"
"421","Azul","Alimentación y Extrusión","Media","2019-05-15T23:10:10.000Z","Mangas filtrantes del sistema de ciclon sucias y saturadas #G1-1037","Cerrada"
"422","Azul","Alimentación y Extrusión","Alta","2019-05-15T23:10:10.000Z","Manguera perforada ocasiona perdida de compuesto #G1-1038","Cerrada"
"423","Azul","Alimentación y Extrusión","Media","2019-05-15T23:10:10.000Z","Carro extrusor. Faltan tornillos en baranda #G1-1056","Cerrada"
"445","Azul","Servicios Auxiliares","Media","2019-05-27T23:10:10.000Z","Colocar sistema de mariposas en las tapas. Dificultad al abrir tuercas #G3-1007","Cerrada"
"451","Azul","Alimentación y Extrusión","Media","2019-05-27T23:10:10.000Z","Tapa del motor tornillo alimentador sueltay con mucha suciedad acumulada #G1-1039","Cerrada"
"452","Azul","Alimentación y Extrusión","Alta","2019-05-27T23:10:10.000Z","Comprar nuevas mangas (mas largas) de rechazo de ciclon #G1-1041","Abierta"
"453","Azul","Alimentación y Extrusión","Media","2019-05-27T23:10:10.000Z","Burlete roto de tapa cabina. Perdida de vacio #G1-1042","Cerrada"
"454","Azul","Alimentación y Extrusión","Media","2019-05-27T23:10:10.000Z","La manguera del soplador del silo 1 es antigua y presenta desgaste #G1-1058","Cerrada"
"481","Azul","Planta de Mezclado","Alta","2019-06-12T23:10:10.000Z","Los caños de la balanza de liquidos entran por arriba y el diametro del hueco es mayor al caño teniendo la posibilidad de que exista contaminacion. Aislar / sellar #G4-33","Cerrada"
"482","Azul","Planta de Mezclado","Baja","2019-06-12T23:10:10.000Z","Organizar mangueras neumaticas del ciclon de aditivos solidos #G4-34","Cerrada"
"483","Azul","Planta de Mezclado","Baja","2019-06-12T23:10:10.000Z","Identificar tachos con los componentes que utilizan #G4-36","Cerrada"
"488","Azul","Servicios Auxiliares","Baja","2019-06-12T23:10:10.000Z","Controlador de termocupla flojo #G3-1059","Cerrada"
"489","Azul","Servicios Auxiliares","Media","2019-06-12T23:10:10.000Z","Valvula sin identificacion de cierre o apertura en sev. Aux de bombas de frio #G3-1060","Cerrada"
"490","Azul","Alimentación y Extrusión","Media","2019-06-12T23:10:10.000Z","Cable de conexión de sensor de nivel fuera de lugar y sulto en ciclon de recuperado #G1-1061","Cerrada"
"491","Azul","Alimentación y Extrusión","Media","2019-06-12T23:10:10.000Z","Brida de sujecion de caño suelta en plataforma de tornillo #G1-1062","Cerrada"
"492","Azul","Servicios Auxiliares","Media","2019-06-12T23:10:10.000Z","Union a manometro floja con perdida de agua #G3-1063","Cerrada"
"493","Azul","Calandrado","Media","2019-06-12T23:10:10.000Z","Restos de PVC enroscados en las cuerdas de seguridad #G2-1064","Cerrada"
"494","Azul","Calandrado","Media","2019-06-12T23:10:10.000Z","Bulon sobresaliente en la plataforma de calandra sin uso alguno #G2-1065","Cerrada"
"495","Azul","Calandrado","Baja","2019-06-12T23:10:10.000Z","Se observa precintos largos en los flexibles de estiro molestando el paso hacia la fosa #G2-1066","Cerrada"
"534","Azul","Calandrado","Baja","2019-07-03T23:10:10.000Z","Portacintas suelto  #G2-35","Cerrada"
"535","Azul","Calandrado","Media","2019-07-03T23:10:10.000Z","Falta carteleria de riesgo de calda de nivel superior #G2-37","Abierta"
"546","Azul","Calandrado","Baja","2019-07-03T23:10:10.000Z","Falta lup de limpieza fosa  #G2-1067","Abierta"
"573","Azul","Planta de Mezclado","Media","2019-07-24T23:10:10.000Z","Escritorio de Pc ocupa mucho lugar , colocar un gabinete que se cierre cuando no se use ( como pc de c43 0 l43 #G4-2521","Cerrada"
"596","Azul","Alimentación y Extrusión","Alta","2019-07-25T23:10:10.000Z","Al cambiar el sistema de calentamiento de aceite del extrusor las llaves cambiaron. #G1-2507","Cerrada"
"597","Azul","Alimentación y Extrusión","Alta","2019-07-25T23:10:10.000Z","El nuevo planetario no debe ser parado para evitar que se degrade el material. #G1-2508","Cerrada"
"598","Azul","Alimentación y Extrusión","Alta","2019-07-25T23:10:10.000Z","Con el nuevo planetario Entex el control de temperatura no se hace desde los controladores actuales #G1-2510","Cerrada"
"599","Azul","Calandrado","Media","2019-07-25T23:10:10.000Z","Manguera de aire de hidraulico atada sobre rolos de estiro . Si Se cae afecta la calidad del film #G2-2516","Cerrada"
"600","Azul","Planta de Mezclado","Media","2019-07-25T23:10:10.000Z","Sacar caño de aire fuera de funcioamiento  #G4-2520","Cerrada"
"601","Azul","Planta de Mezclado","Alta","2019-07-25T23:10:10.000Z","Falta piso sobre parte superior turbo #G4-2522","Cerrada"
"606","Azul","Planta de Mezclado","Media","2019-07-26T23:10:10.000Z","Sellar perdida de resina en tornillo 2do piso  #G4-39","Cerrada"
"607","Azul","Planta de Mezclado","Baja","2019-07-26T23:10:10.000Z","Cable de acero soporte transitube viejo inecesario  #G4-40","Cerrada"
"608","Azul","Planta de Mezclado","Media","2019-07-26T23:10:10.000Z","Reparar bizagra de inodoro  #G4-41","Cerrada"
"626","Azul","Alimentación y Extrusión","Media","2019-07-26T23:10:10.000Z","Se saco descarpo de aceite fuera de uso  #G1-2515","Cerrada"
"627","Azul","Servicios Auxiliares","Media","2019-07-26T23:10:10.000Z","Se saca deposito de aceite fuera de uso #G3-2515","Cerrada"
"628","Azul","Planta de Mezclado","Media","2019-07-26T23:10:10.000Z","Valvula neumatica resto falta 2 filtros de 1/4 de salida  #G4-2517","Cerrada"
"629","Azul","Planta de Mezclado","Media","2019-07-26T23:10:10.000Z","Ajuste tornillo valvula sulo pulmon de resina (valvula mariposa ) #G4-2518","Cerrada"
"630","Azul","Planta de Mezclado","Media","2019-07-26T23:10:10.000Z","Eliminar manguera liquido im 350  #G4-2519","Cerrada"
"650","Azul","Alimentación y Extrusión","Media","2019-08-07T23:10:10.000Z","Manometro de temperatura en deficiente colocacion (esta dado vuelta) #G1-2512","Cerrada"
"651","Azul","Alimentación y Extrusión","Baja","2019-08-07T23:10:10.000Z","Aislante desintegrado sin cobertura deja restos que caen al piso de operación. #G1-2514","Cerrada"
"684","Azul","Planta de Mezclado","Media","2019-08-15T23:10:10.000Z","Colocar una plancha de chapa  para apoyar las bolsas que se usan en las bases por que se caen al mezclador o se mueven al cortarlas lo que puede ocacionar algun accidente  #G4-43","Cerrada"
"728","Azul","Calandrado","Alta","2019-08-15T23:10:10.000Z","Perdida de agua en manguera de desague bomba de vacio #G2-2502","Cerrada"
"729","Azul","Servicios Auxiliares","Media","2019-08-15T23:10:10.000Z","Falta indentificación de valvual abierto cerrado ero enfriadores #G3-2503","Cerrada"
"730","Azul","Servicios Auxiliares","Media","2019-08-15T23:10:10.000Z","Cañerias sin Identificar #G3-2504","Cerrada"
"731","Azul","Servicios Auxiliares","Baja","2019-08-15T23:10:10.000Z","Falta indicación de sentido de Flujo  #G3-2505","Cerrada"
"732","Azul","Alimentación y Extrusión","Alta","2019-08-15T23:10:10.000Z","Limpieza de fosa #G1-2511","Cerrada"
"744","Azul","Alimentación y Extrusión","Alta","2019-08-22T23:10:10.000Z","Mangas de ciclón de resina se sueltan #G1-1008","Cerrada"
"752","Azul","Calandrado","Media","2019-08-22T23:10:10.000Z","Condensado de campana difícil de desagotar #G2-2462","Cerrada"
"753","Azul","Servicios Auxiliares","Baja","2019-08-22T23:10:10.000Z","Tacometro sin identificacion de normal funcionamiento #G3-2493","Cerrada"
"754","Azul","Calandrado","Media","2019-08-22T23:10:10.000Z","Falta std de armado y mantenimiento de rolos limpiadores #G2-2495","Abierta"
"755","Azul","Calandrado","Media","2019-08-22T23:10:10.000Z","Colcar valvula de descarga de campana  #G2-2496","Cerrada"
"756","Azul","Alimentación y Extrusión","Baja","2019-08-22T23:10:10.000Z","Pasacabke de tornillo alimentador en desuso #G1-2501","Cerrada"
"770","Azul","Servicios Auxiliares","Media","2019-08-24T23:10:10.000Z","Faltan Manijas en las tapas para poder abrir con facilidad #G3-2461","Cerrada"
"772","Azul","Planta de Mezclado","Alta","2019-09-03T23:10:10.000Z","Error en dosif . De liq. Debido a bajas tem. #G4-2481","Abierta"
"773","Azul","Planta de Mezclado","Alta","2019-09-03T23:10:10.000Z","Bloqueo de cañeria x bajas temp. En entrada turbo. #G4-2482","Abierta"
"774","Azul","Planta de Mezclado","Alta","2019-09-03T23:10:10.000Z","Falta de metolog . De control de dosificacion  #G4-2484","Cerrada"
"775","Azul","Planta de Mezclado","Alta","2019-09-03T23:10:10.000Z","Verifcar funcion de sist.bom.vacio asegurar tte aditivos y descarga  #G4-2485","Cerrada"
"776","Azul","Planta de Mezclado","Alta","2019-09-03T23:10:10.000Z","Establecer met . Dosif . Man ;definir recipiente y como es descarga sobre inodorito de descarga manual  #G4-2487","Abierta"
"777","Azul","Planta de Mezclado","Alta","2019-09-03T23:10:10.000Z","Establecer met . Dosif . Man  y de acuerdo a esta adquirir el herramental nec (cuchara ) evitar contam #G4-2488","Abierta"
"778","Azul","Planta de Mezclado","Alta","2019-09-03T23:10:10.000Z","Falta metodologia de aditivo solido y pigmentos  #G4-2489","Abierta"
"779","Azul","Planta de Mezclado","Alta","2019-09-03T23:10:10.000Z","Problema de cont . Cruzada durante proc . Dosif , de aditivo solido #G4-2490","Abierta"
"780","Azul","Planta de Mezclado","Alta","2019-09-03T23:10:10.000Z","Realizacion de lup de verificacion / procesamiento control de balanza  #G4-2491","Cerrada"
"781","Azul","Planta de Mezclado","Alta","2019-09-03T23:10:10.000Z","Capacitacion de procedimientos cp 7.6-21 #G4-2492","Cerrada"
"782","Azul","Planta de Mezclado","Alta","2019-09-03T23:10:10.000Z","Falta de control de balanzas en procedimiento cp 7.6-21 #G4-2497","Cerrada"
"783","Azul","Alimentación y Extrusión","Alta","2019-09-04T23:10:10.000Z","Sup. De tornillo pl.desgastada . Establecer control prev de acuerdo especif.de proveedor  #G1-2474","Cerrada"
"785","Azul","Planta de Mezclado","Alta","2019-09-04T23:10:10.000Z","Capacitacion de operador  #G4-2476","Abierta"
"784","Azul","Alimentación y Extrusión","Alta","2019-09-04T23:10:10.000Z","Falla sist .de control de temp.de aceite en frio.entrenamiento de personal en calandra  #G1-2475","Cerrada"
"786","Azul","Planta de Mezclado","Alta","2019-09-04T23:10:10.000Z","La falta de tamizado de comp.produce contaminacion /frumos  genera ptos negros o geles por la OCS #G4-2477","Abierta"
"787","Azul","Planta de Mezclado","Alta","2019-09-04T23:10:10.000Z","Falta de procedimiento de limpieza de sist . De aspiracion de turbo implement . STD #G4-2478","Cerrada"
"788","Azul","Planta de Mezclado","Alta","2019-09-04T23:10:10.000Z","Falta de procedimiento de operación de extr. De vapores turbo  #G4-2479","Cerrada"
"789","Azul","Planta de Mezclado","Alta","2019-09-04T23:10:10.000Z","Falta de metodologia de control de tapa turbo mezclador . Implementar std . #G4-2480","Cerrada"
"790","Azul","Planta de Mezclado","Alta","2019-09-04T23:10:10.000Z","Sist. Instalado no operativo  #G4-2481","Cerrada"
"800","Azul","Servicios Auxiliares","Media","2019-09-05T23:10:10.000Z","Rejilla techo doblada, no cuadra en el techo #G3-3150","Cerrada"
"801","Azul","Servicios Auxiliares","Media","2019-09-05T23:10:10.000Z","Falta identificación de ON/Off corta tension #G3-3151","Cerrada"
"802","Azul","Servicios Auxiliares","Media","2019-09-05T23:10:10.000Z","Tablero sin identificación del tipo de riesgo #G3-3152","Cerrada"
"803","Azul","Servicios Auxiliares","Media","2019-09-05T23:10:10.000Z","Tablero sin Identificación del tipo de riesgo #G3-3153","Cerrada"
"804","Azul","Servicios Auxiliares","Media","2019-09-05T23:10:10.000Z","Realizar LUP para el rango de trabajo del 2,3,4,5 to par de estiro #G3-3154","Cerrada"
"805","Azul","Servicios Auxiliares","Media","2019-09-05T23:10:10.000Z","Realizar LUP de rango de trabajo del 1, 2, 3 par de frio #G3-3211","Cerrada"
"806","Azul","Alimentación y Extrusión","Alta","2019-09-09T23:10:10.000Z","Falta de capacitacion de armado de lanza tornillo extrusor  #G1-2462","Cerrada"
"807","Azul","Alimentación y Extrusión","Alta","2019-09-09T23:10:10.000Z","Falta metodologia de armado del lanza y tornillo lanza floja con probl , de intercambio  #G1-2463","Cerrada"
"808","Azul","Alimentación y Extrusión","Alta","2019-09-09T23:10:10.000Z","Lanza desgastada fuera de especificacion armado de procedimiento preventivo  #G1-2464","Cerrada"
"809","Azul","Alimentación y Extrusión","Alta","2019-09-09T23:10:10.000Z","Falta de metodologia de limpieza tornillo estrusor  #G1-2465","Cerrada"
"810","Azul","Alimentación y Extrusión","Alta","2019-09-09T23:10:10.000Z","Especif . Fuera de std gap tornillo / tap extrusion , falta preventivo  #G1-2466","Cerrada"
"811","Azul","Alimentación y Extrusión","Alta","2019-09-09T23:10:10.000Z","Control de temperatura c/falla en tornillo extr. Por buje de bronce desgastado  #G1-2467","Cerrada"
"812","Azul","Alimentación y Extrusión","Alta","2019-09-09T23:10:10.000Z","Falta de capacitacion sobre el funcionamiento de bomba extrusor  #G1-2468","Cerrada"
"814","Azul","Alimentación y Extrusión","Alta","2019-09-09T23:10:10.000Z","Flata std de limpz de camisa extrusor  #G1-2470","Cerrada"
"813","Azul","Alimentación y Extrusión","Alta","2019-09-09T23:10:10.000Z","Falta de metodologia de operación de bomba y limpz de cabina (lup) #G1-2469","Cerrada"
"815","Azul","Alimentación y Extrusión","Alta","2019-09-09T23:10:10.000Z","Falta std de limpz de tornillo extrusor  #G1-2471","Cerrada"
"817","Azul","Alimentación y Extrusión","Media","2019-09-09T23:10:10.000Z","Falta de std de limpz y operación tornillo platario #G1-2473","Cerrada"
"816","Azul","Alimentación y Extrusión","Alta","2019-09-09T23:10:10.000Z","Falta std de limpz de camisa de agua planetario  #G1-2472","Abierta"
"827","Azul","Alimentación y Extrusión","Alta","2019-09-09T23:10:10.000Z","Mal armado de cabezal por falta de std #G1-3156","Cerrada"
"828","Azul","Alimentación y Extrusión","Alta","2019-09-09T23:10:10.000Z","Falta de capacitacion en armado de cabezal  #G1-3157","Cerrada"
"829","Azul","Alimentación y Extrusión","Alta","2019-09-09T23:10:10.000Z","Falta de capacitacion armado de bisagra -tapa #G1-3158","Cerrada"
"838","Azul","Calandrado","Baja","2019-09-11T23:10:10.000Z","Eliminar señal luminica fuera de uso #G2-2449","Cerrada"
"839","Azul","Servicios Auxiliares","Media","2019-09-11T23:10:10.000Z","Cable suelto electro valvulas #G3-2452","Cerrada"
"840","Azul","Alimentación y Extrusión","Media","2019-09-11T23:10:10.000Z","Perdida compuesto tolva alimentacion  #G1-2453","Cerrada"
"842","Azul","Calandrado","Media","2019-09-11T23:10:10.000Z","Eliminar soporte de yunto en desuso #G2-2455","Cerrada"
"841","Azul","Alimentación y Extrusión","Baja","2019-09-11T23:10:10.000Z","Guia para posicionamiento motor sin uso  #G1-2454","Cerrada"
"843","Azul","Calandrado","Media","2019-09-11T23:10:10.000Z","Enderezar plataforma de acero frente calandra #G2-2456","Cerrada"
"844","Azul","Calandrado","Media","2019-09-11T23:10:10.000Z","Eliminar yunto en desuso en rolo de estiro #G2-2457","Cerrada"
"847","Azul","Servicios Auxiliares","Media","2019-09-12T23:10:10.000Z","Concexion neumatica cortada #G3-2450","Cerrada"
"848","Azul","Servicios Auxiliares","Media","2019-09-12T23:10:10.000Z","Porta manguera en desuso #G3-2451","Cerrada"
"856","Azul","Calandrado","Media","2019-09-17T23:10:10.000Z","Hierro sobresaliente del piso en la zona de cardanes main rolls #G2-3161","Cerrada"
"859","Azul","Planta de Mezclado","Alta","2019-09-26T23:10:10.000Z","falta de rotación de compuesto, no utilizado bloquea pasillo y deja sin lugar para almacenar materia prima. #G4-2437","Cerrada"
"860","Azul","Planta de Mezclado","Alta","2019-09-26T23:10:10.000Z","Bolson de resina barrida junto a materia prima ,asignar lugar fijo para eliminar contaminación #G4-2438","Cerrada"
"861","Azul","Servicios Auxiliares","Media","2019-09-26T23:10:10.000Z","Identificar sentido de flujo y equipos #G3-2442","Cerrada"
"862","Azul","Servicios Auxiliares","Media","2019-09-26T23:10:10.000Z","Identificar sentido de flujo y equipos #G3-2443","Cerrada"
"863","Azul","Servicios Auxiliares","Media","2019-09-26T23:10:10.000Z","Identificar sentido de flujo y equipos #G3-2444","Cerrada"
"864","Azul","Servicios Auxiliares","Media","2019-09-26T23:10:10.000Z","Identificar sentido de flujo y equipos #G3-2445","Cerrada"
"865","Azul","Servicios Auxiliares","Media","2019-09-26T23:10:10.000Z","Identificar sentido de flujo y equipos #G3-2446","Cerrada"
"866","Azul","Servicios Auxiliares","Media","2019-09-26T23:10:10.000Z","Identificar sentido de flujo y equipos #G3-2447","Cerrada"
"867","Azul","Servicios Auxiliares","Media","2019-09-26T23:10:10.000Z","Identificar sentido de flujo y equipos #G3-2448","Cerrada"
"881","Azul","Calandrado","Media","2019-10-07T23:10:10.000Z","Conexión electrica en desuso frente de debobinador #G2-2419","Cerrada"
"926","Azul","Calandrado","Baja","2019-10-16T23:10:10.000Z","Stop de manipulador se expande solo #G2-2403","Cerrada"
"927","Azul","Calandrado","Baja","2019-10-16T23:10:10.000Z","Cambiar burlete de goma en junta inferior, anterior a la curva. Pierde compuesto en mollino de refile #G2-2404","Abierta"
"928","Azul","Servicios Auxiliares","Baja","2019-10-16T23:10:10.000Z","Llaves Identificar sentido apertura y cierre #G3-2421","Cerrada"
"929","Azul","Servicios Auxiliares","Baja","2019-10-16T23:10:10.000Z","Manometro faltal identificación de rango de trabajo #G3-2422","Cerrada"
"930","Azul","Calandrado","Baja","2019-10-16T23:10:10.000Z","Cambiar cartel de maquina EMB (deteriorado) #G2-2423","Cerrada"
"931","Azul","Alimentación y Extrusión","Alta","2019-10-16T23:10:10.000Z","Pérdida en velas de ciclón compuesto. #G1-2424","Cerrada"
"932","Azul","Calandrado","Baja","2019-10-16T23:10:10.000Z","Demarcar zona con porta rollos junto EMB #G2-2425","Abierta"
"933","Azul","Calandrado","Baja","2019-10-16T23:10:10.000Z","Demarcar zona de porta bujes en EMB #G2-2426","Abierta"
"934","Azul","Calandrado","Baja","2019-10-16T23:10:10.000Z","Demarcar zona bujes junto a EMB corte #G2-2427","Abierta"
"935","Azul","Alimentación y Extrusión","Alta","2019-10-16T23:10:10.000Z","Pérdidas por fuelles de tornillo aliemntador sellados con cintas #G1-2431","Cerrada"
"948","Azul","Servicios Auxiliares","Alta","2019-10-31T23:10:10.000Z","Agregar sentido de circulacion de aceite #G3-44","Cerrada"
"949","Azul","Servicios Auxiliares","Media","2019-10-31T23:10:10.000Z","Agregar indicacion de presion optima en manometro #G3-46","Cerrada"
"950","Azul","Servicios Auxiliares","Media","2019-10-31T23:10:10.000Z","Eliminar manguera #G3-47","Cerrada"
"951","Azul","Servicios Auxiliares","Media","2019-10-31T23:10:10.000Z","Identificar bomba #G3-48","Cerrada"
"952","Azul","Servicios Auxiliares","Baja","2019-10-31T23:10:10.000Z","Falta indicador de valvula abierta o cerrada #G3-49","Cerrada"
"963","Azul","Alimentación y Extrusión","Alta","2019-10-31T23:10:10.000Z","Mejora en el sistema de descarga Ciclón de Recuperado / Compuesto. Detector de metales. #G1-2429","Cerrada"
"971","Azul","Calandrado","Baja","2019-10-31T23:10:10.000Z","Tapa de motor de centralina floja #G2-3159","Cerrada"
"972","Azul","Calandrado","Baja","2019-10-31T23:10:10.000Z","Plataforma en rolos laminadores sin enganche al piso, se sale de lugar #G2-3160","Cerrada"
"973","Azul","Planta de Mezclado","Media","2019-10-31T23:10:10.000Z","colocar abrazaderas a la manga de descarga de la balanza de resina al meaclador #G4-3162","Abierta"
"982","Azul","Planta de Mezclado","Media","2019-11-13T23:10:10.000Z","Vaciar y limpiar silo 54 para utilizar con base neutra #G4-50","Cerrada"
"1013","Azul","Alimentación y Extrusión","Baja","2019-11-13T23:10:10.000Z","Al colocar nuevo ventilador en motor de planetario, el ducto quedó agarrado con cinta. #G1-2410","Cerrada"
"1014","Azul","Alimentación y Extrusión","Baja","2019-11-13T23:10:10.000Z","Sensor a la entrada de detector de metales está flojo y atado con cinta. #G1-2411","Cerrada"
"1016","Azul","Servicios Auxiliares","Media","2019-11-13T23:10:10.000Z","Sin identificar bandejas electricas #G3-2413","Cerrada"
"1015","Azul","Servicios Auxiliares","Media","2019-11-13T23:10:10.000Z","Sin identificar sentido de flujo de aceite #G3-2412","Cerrada"
"1017","Azul","Servicios Auxiliares","Media","2019-11-13T23:10:10.000Z","Sin identificar bandejas electricas #G3-2414","Cerrada"
"1018","Azul","Servicios Auxiliares","Media","2019-11-13T23:10:10.000Z","Cañerias sin Identificar #G3-2415","Cerrada"
"1019","Azul","Servicios Auxiliares","Media","2019-11-13T23:10:10.000Z","Cañerias sin Identificar #G3-2416","Cerrada"
"1020","Azul","Calandrado","Media","2019-11-13T23:10:10.000Z","Valvula de aire del sitema de despegue de film tiene perdida #G2-2418","Cerrada"
"1021","Azul","Servicios Auxiliares","Media","2019-11-13T23:10:10.000Z","Faltlan manijas a las chapas laterales #G3-2441","Cerrada"
"1034","Azul","Calandrado","Media","2019-11-20T23:10:10.000Z","Ordenar paños absorbentes en la estructura por encima de rolos estiro #G2-66","Cerrada"
"1035","Azul","Servicios Auxiliares","Baja","2019-11-20T23:10:10.000Z","Valvulas sin identificar sentido abierto, cerrado #G3-1043","Cerrada"
"1036","Azul","Servicios Auxiliares","Baja","2019-11-20T23:10:10.000Z","Cañerias sin Identificar #G3-1044","Cerrada"
"1037","Azul","Servicios Auxiliares","Baja","2019-11-20T23:10:10.000Z","Cañerias sin Identificar #G3-1045","Cerrada"
"1038","Azul","Servicios Auxiliares","Baja","2019-11-20T23:10:10.000Z","falta identificacion riesgo de quemadura y electrico #G3-1046","Cerrada"
"1039","Azul","Servicios Auxiliares","Baja","2019-11-20T23:10:10.000Z","Falta indicador riesgo electrico y de quemadura #G3-1047","Cerrada"
"1040","Azul","Servicios Auxiliares","Baja","2019-11-20T23:10:10.000Z","Valvula sin identificar Sentido abierta , cerrado #G3-1048","Cerrada"
"1041","Azul","Servicios Auxiliares","Baja","2019-11-20T23:10:10.000Z","Valvula sin identificar Sentido abierta , cerrado #G3-1049","Cerrada"
"1045","Azul","Servicios Auxiliares","Baja","2019-11-20T23:10:10.000Z","Valvula sin identificar Sentido abierta , cerrado #G3-2406","Cerrada"
"1046","Azul","Servicios Auxiliares","Baja","2019-11-20T23:10:10.000Z","Valvula sin identificar Sentido abierta , cerrado #G3-2407","Cerrada"
"1047","Azul","Servicios Auxiliares","Baja","2019-11-20T23:10:10.000Z","Valvula sin identificar Sentido abierta , cerrado #G3-2408","Cerrada"
"1048","Azul","Calandrado","Baja","2019-11-20T23:10:10.000Z","Tornillo salido chapa cubre bomba #G2-2409","Cerrada"
"1049","Azul","Alimentación y Extrusión","Media","2019-11-20T23:10:10.000Z","Concentración de suciedad de compuesto atrapado entre los componentes metálicos y flexibles de la pieza. #G1-2428","Cerrada"
"1064","Azul","Calandrado","Alta","2019-11-28T23:10:10.000Z","Burlete roto de ventola #G2-1051","Cerrada"
"1066","Azul","Calandrado","Media","2019-11-29T23:10:10.000Z","Tapa ventilador motor molino de refile salida #G2-1052","Cerrada"
"1067","Azul","Servicios Auxiliares","Media","2019-12-01T23:10:10.000Z","Limpieza y falta tapa en estación #G3-2439","Cerrada"
"1068","Azul","Servicios Auxiliares","Media","2019-12-01T23:10:10.000Z","Tablero impide el acceso a valvulas y bombas #G3-2440","Cerrada"
"1069","Azul","Calandrado","Alta","2019-12-10T23:10:10.000Z","Burlete tapa aspiración molino roto. Pérdida de material #G2-67","Cerrada"
"1070","Azul","Calandrado","Baja","2019-12-10T23:10:10.000Z","Visor roto protección cadena rolo tractor #G2-68","Cerrada"
"1071","Azul","Calandrado","Baja","2019-12-10T23:10:10.000Z","Protección correa rolo tractor despintada #G2-1050","Cerrada"
"1168","Azul","Calandrado","Baja","2020-01-10T23:10:10.000Z","Reemplazar cable canal en pasillo #G2-45","Cerrada"
"1170","Azul","Calandrado","Baja","2020-01-10T23:10:10.000Z","Mariposa rota que sujeta la véntola del molino de refile #G2-3223","Cerrada"
"1171","Azul","Calandrado","Baja","2020-01-10T23:10:10.000Z","Protector de véntola doblado #G2-3224","Cerrada"
"1172","Azul","Alimentación y Extrusión","Media","2020-01-10T23:10:10.000Z","Estructura del puente grúa con mucha suciedad acumulada. #G1-3230","Cerrada"
"1182","Azul","Servicios Auxiliares","Media","2020-01-14T23:10:10.000Z","Identificacion rango de apertura abierto (Verde) Cerrada (Rojo) tornillo plant #G3-3234","Cerrada"
"1183","Azul","Servicios Auxiliares","Media","2020-01-14T23:10:10.000Z","Identificacion rango de apertura abierto (Verde) Cerrada (Rojo) tornillo extr #G3-3235","Cerrada"
"1189","Azul","Servicios Auxiliares","Media","2020-01-20T23:10:10.000Z","Identificacion rango de apertura abirto (verde) Cerrado (rojo) Cañer plant #G3-3236","Cerrada"
"1190","Azul","Servicios Auxiliares","Media","2020-01-20T23:10:10.000Z","Identificacion rango apetura abierto (Verde)Cerrado(Rojo) cañ/Tor/Plt #G3-3237","Cerrada"
"1191","Azul","Servicios Auxiliares","Media","2020-01-20T23:10:10.000Z","Identificación rango apertura abierto(Verde)cerrado(Rojo) Val/Maq/Entex #G3-3238","Cerrada"
"1193","Azul","Servicios Auxiliares","Media","2020-01-20T23:10:10.000Z","Identificación rango apertura abierto(Verde) Cerrado (Rojo) Cañ/torni/ext #G3-3240","Cerrada"
"1192","Azul","Servicios Auxiliares","Media","2020-01-20T23:10:10.000Z","Identificación ranfo de apertura abierto (verde) Cerrado (Rojo) Cañe extr #G3-3239","Cerrada"
"1229","Azul","Planta de Mezclado","Alta","2020-02-24T23:10:10.000Z","Ver junta del turbo(Tapa y base del mismo)cuando se realiza un batch piede material por la junta #G4-3225","Cerrada"
"1241","Azul","Planta de Mezclado","Alta","2020-03-05T23:10:10.000Z","Cuando el silo 2 se llena por encima del 50% se incrementa la presion provocando perdidas por la respiracion y la boca de inspeccion.(Realizar LUP) #G4-10009","Abierta"
"1242","Azul","Planta de Mezclado","Alta","2020-03-05T23:10:10.000Z","La manga de  descarga de resina del Turbo esta cortada y pierde resina. #G4-10010","Cerrada"
"1244","Azul","Calandrado","Baja","2020-03-29T23:10:10.000Z","Mangueras de aire en zona al lado de operadora de cuchillas #G2-69","Cerrada"
"1245","Azul","Calandrado","Media","2020-03-29T23:10:10.000Z","Dificultad en largada - Hacer que suba y baje el sistem de corte en linea #G2-70","Cerrada"
"1246","Azul","Calandrado","Baja","2020-03-29T23:10:10.000Z","Se saca derivador de aire sin uso en fosa #G2-72","Cerrada"
"1251","Azul","Calandrado","Alta","2020-03-29T23:10:10.000Z","La manguera de aire de la centralina tiene varios conectores y esta reseca. Poner caño rígido #G2-530","Cerrada"
"1252","Azul","Calandrado","Baja","2020-03-29T23:10:10.000Z","Manguera de agua sin uso en bomba de vacío #G2-531","Cerrada"
"1253","Azul","Calandrado","Baja","2020-03-29T23:10:10.000Z","Lona que cubre equipo rolos limpiadores rota y sucia #G2-535","Cerrada"
"1254","Azul","Calandrado","Baja","2020-03-29T23:10:10.000Z","Desagote de aceite de caja de rolos de estiro agarrado con precinto a la estructura. Poner soporte metálico #G2-536","Cerrada"
"1255","Azul","Calandrado","Media","2020-03-29T23:10:10.000Z","Flexible cable del motor de rolo de estiro flojo, separado del prensacable #G2-538","Cerrada"
"1258","Azul","Calandrado","Baja","2020-03-29T23:10:10.000Z","Cambiar cobertor del motor del 2° par de frio #G2-703","Cerrada"
"1259","Azul","Calandrado","Media","2020-03-29T23:10:10.000Z","Mangueras de condensado llenas de aceite #G2-705","Cerrada"
"1260","Azul","Calandrado","Alta","2020-03-29T23:10:10.000Z","La varilla soporte de refile de PET esta sostenida con precinto. Atornillar al FRAME #G2-706","Cerrada"
"1273","Azul","Alimentación y Extrusión","Media","2020-03-31T23:10:10.000Z","Ducto de ventilador de mtor del planetario deteriorado/roto #G1-D1008","Cerrada"
"1274","Azul","Alimentación y Extrusión","Alta","2020-03-31T23:10:10.000Z","STD de control de temperatura (rampa de calentamiento) tornillo extrusor. #G1-D1009","Cerrada"
"1275","Azul","Alimentación y Extrusión","Alta","2020-03-31T23:10:10.000Z","Identificar qué partes de la máquina afectan a puntos negros. #G1-D1010","Cerrada"
"1276","Azul","Alimentación y Extrusión","Alta","2020-03-31T23:10:10.000Z","Generar LUP y STD faltante en matriz de habilidades calandra. #G1-D1012","Abierta"
"1278","Azul","Alimentación y Extrusión","Baja","2020-03-31T23:10:10.000Z","Falta control visual en válvula de extracción de humo en cabina de vacío. #G1-D1014","Abierta"
"1277","Azul","Alimentación y Extrusión","Baja","2020-03-31T23:10:10.000Z","Falta control visual en válvulas de circuito de enfriamiento. #G1-D1013","Cerrada"
"1279","Azul","Alimentación y Extrusión","Baja","2020-03-31T23:10:10.000Z","Falta control visual en caudalímetro New Flow #G1-D1015","Cerrada"
"1282","Azul","Servicios Auxiliares","Media","2020-04-02T23:10:10.000Z","tuberias de electricidad sin identificación #G3-3242","Cerrada"
"1283","Azul","Servicios Auxiliares","Media","2020-04-02T23:10:10.000Z","Tuberia sin identificación fluido y sentido #G3-3243","Cerrada"
"1284","Azul","Servicios Auxiliares","Media","2020-04-02T23:10:10.000Z","Tuberia sin identificación fluido y sentido #G3-3244","Cerrada"
"1285","Azul","Servicios Auxiliares","Media","2020-04-02T23:10:10.000Z","Tuberia sin identificación fluido y sentido #G3-3245","Cerrada"
"1287","Azul","Servicios Auxiliares","Media","2020-04-03T23:10:10.000Z","Cañeria sin identificacion de fluido y sentido del mismo #G3-3247","Cerrada"
"1286","Azul","Servicios Auxiliares","Media","2020-04-02T23:10:10.000Z","Tuberia sin identificación fluido y sentido #G3-3246","Cerrada"
"1288","Azul","Servicios Auxiliares","Media","2020-04-03T23:10:10.000Z","Cañeria sin identificacion de fluido y sentido del mismo #G3-3248","Cerrada"
"1289","Azul","Servicios Auxiliares","Media","2020-04-03T23:10:10.000Z","Cañeria sin identificacion de fluido y sentido del mismo #G3-3249","Cerrada"
"1290","Azul","Servicios Auxiliares","Media","2020-04-03T23:10:10.000Z","Cañeria sin identificacion de fluido y sentido del mismo #G3-3250","Cerrada"
"1294","Azul","Alimentación y Extrusión","Baja","2020-04-16T23:10:10.000Z","Falta tornillo soporte descarga de aceite. #G1-D1007","Cerrada"
"1322","Azul","Servicios Auxiliares","Baja","2020-05-12T23:10:10.000Z","Bulones con mariposas trabados #G3-1071","Cerrada"
"1323","Azul","Servicios Auxiliares","Baja","2020-05-12T23:10:10.000Z","Faltan mariposas para cierre de tapas #G3-1072","Cerrada"
"1324","Azul","Servicios Auxiliares","Baja","2020-05-12T23:10:10.000Z","Rejilla de ventilacion torcida #G3-1073","Cerrada"
"1325","Azul","Servicios Auxiliares","Baja","2020-05-12T23:10:10.000Z","Llaves Identificar sentido apertura y cierre #G3-1074","Cerrada"
"1326","Azul","Servicios Auxiliares","Baja","2020-05-12T23:10:10.000Z","Llaves Identificar sentido apertura y cierre #G3-1075","Cerrada"
"1327","Azul","Servicios Auxiliares","Baja","2020-05-12T23:10:10.000Z","Cañeria sin identificacion de fluido y sentido del mismo #G3-1076","Cerrada"
"1328","Azul","Alimentación y Extrusión","Alta","2020-05-12T23:10:10.000Z","Burlete fuera de especificación, en mal estado. #G1-1078","Cerrada"
"1338","Azul","Calandrado","Alta","2020-05-12T23:10:10.000Z","Limpieza de campana de C43, condensacion de vapores #G2-3218","Abierta"
"1339","Azul","Calandrado","Media","2020-05-12T23:10:10.000Z","Sistema fijo de extraccion aceite fosa #G2-3220","Abierta"
"1340","Azul","Calandrado","Media","2020-05-12T23:10:10.000Z","Limpieza colector interno campana #G2-3221","Cerrada"
"1342","Azul","Servicios Auxiliares","Baja","2020-05-12T23:10:10.000Z","Ausencia de mariposas en tapa de chapa bulones torcidos #G3-3226","Cerrada"
"1341","Azul","Servicios Auxiliares","Baja","2020-05-12T23:10:10.000Z","Tapa sobre pasillo torcida y fuera de lugar #G3-3222","Cerrada"
"1343","Azul","Servicios Auxiliares","Baja","2020-05-12T23:10:10.000Z","Cañeria sin identificacion de fluido y sentido del mismo #G3-3227","Cerrada"
"1344","Azul","Servicios Auxiliares","Media","2020-05-12T23:10:10.000Z","Cañeria sin identificacion de fluido y sentido del mismo #G3-3228","Cerrada"
"1345","Azul","Servicios Auxiliares","Baja","2020-05-12T23:10:10.000Z","Llaves Identificar sentido apertura y cierre #G3-3229","Cerrada"
"1348","Azul","Servicios Auxiliares","Baja","2020-05-12T23:10:10.000Z","relojes sin identificacion #G3-D1017","Cerrada"
"1364","Azul","Alimentación y Extrusión","Baja","2020-05-31T23:10:10.000Z","Falta control visual en manómetro (del extrusor). #G1-D1016","Cerrada"
"1384","Azul","Alimentación y Extrusión","Alta","2020-06-17T23:10:10.000Z","Falta estándar de deterioro de cañería, tornillo y camisa del planetario. #G1-1054","Cerrada"
"1385","Azul","Alimentación y Extrusión","Alta","2020-06-17T23:10:10.000Z","Capacitación de manejo de temperaturas de planetario y extrusor. #G1-1055","Abierta"
"1386","Azul","Servicios Auxiliares","Media","2020-06-17T23:10:10.000Z","Valvulas sin identificar sentido abierto, cerrado. Valvulas viejas #G3-1068","Cerrada"
"1387","Azul","Servicios Auxiliares","Media","2020-06-17T23:10:10.000Z","Valvulas sin identificar sentido abierto, cerrado #G3-1069","Cerrada"
"1390","Azul","Alimentación y Extrusión","Alta","2020-06-17T23:10:10.000Z","Estándar de T° circuito enfriamiento tapa planetario. #G1-1080","Abierta"
"1389","Azul","Alimentación y Extrusión","Alta","2020-06-17T23:10:10.000Z","Estándar de T° de intercambio tornillo y camisa planetario. (camisa de aguafría y aceite caliente). #G1-1079","Abierta"
"1388","Azul","Servicios Auxiliares","Media","2020-06-17T23:10:10.000Z","Valvulas sin identificar sentido abierto, cerrado #G3-1070","Cerrada"
"1391","Azul","Alimentación y Extrusión","Alta","2020-06-17T23:10:10.000Z","Estándar de operación bomba de vacío cabina planetario. LUP generada. #G1-1081","Cerrada"
"1392","Azul","Alimentación y Extrusión","Alta","2020-06-17T23:10:10.000Z","Estándar de T° de la mezcla a la salida del planetario (180 +/- 5 °C). #G1-1082","Abierta"
"1393","Azul","Alimentación y Extrusión","Alta","2020-06-17T23:10:10.000Z","Estándar de inspección de tornillo de planetario (30% espejo - óptimo). #G1-1083","Abierta"
"1394","Azul","Alimentación y Extrusión","Alta","2020-06-17T23:10:10.000Z","Estándar de inspección de superficie tornillo planetario, tornillo extrusor y satélite. #G1-1084","Abierta"
"1401","Azul","Servicios Auxiliares","Media","2020-06-17T23:10:10.000Z","Identificar rangos sentido abierto, cerrado #G3-3166","Cerrada"
"1402","Azul","Alimentación y Extrusión","Alta","2020-06-17T23:10:10.000Z","Estándar de Funcionamiento de camisa de refrigeración de tolva forzadora. T° enfriado Agua 35-40 °C. #G1-3213","Abierta"
"1403","Azul","Alimentación y Extrusión","Alta","2020-06-17T23:10:10.000Z","Estándar de yunto de tornillo de planetario (estándar de medida) #G1-3214","Abierta"
"1404","Azul","Alimentación y Extrusión","Alta","2020-06-17T23:10:10.000Z","Estándar de tiempo de vida útil de sistema de aceite extrusor. Aceite térmico. #G1-3215","Abierta"
"1405","Azul","Alimentación y Extrusión","Alta","2020-06-17T23:10:10.000Z","Estándar de rampa de calentamiento de tornillo extrusor. #G1-3216","Cerrada"
"1407","Azul","Servicios Auxiliares","Media","2020-06-17T23:10:10.000Z","Valvulas sin identificar sentido abierto, cerrado #G3-D2000","Cerrada"
"1408","Azul","Servicios Auxiliares","Media","2020-06-17T23:10:10.000Z","Valvulas sin identificar sentido abierto, cerrado #G3-D2002","Cerrada"
"1409","Azul","Servicios Auxiliares","Media","2020-06-17T23:10:10.000Z","Valvulas sin identificar sentido abierto, cerrado #G3-D2003","Cerrada"
"1411","Azul","Servicios Auxiliares","Media","2020-06-17T23:10:10.000Z","Valvulas sin identificar sentido abierto, cerrado #G3-D2005","Cerrada"
"1410","Azul","Servicios Auxiliares","Media","2020-06-17T23:10:10.000Z","Valvulas sin identificar sentido abierto, cerrado #G3-D2004","Cerrada"
"1412","Azul","Servicios Auxiliares","Media","2020-06-17T23:10:10.000Z","Valvulas sin identificar sentido abierto, cerrado #G3-D2006","Cerrada"
"1413","Azul","Alimentación y Extrusión","Alta","2020-06-17T23:10:10.000Z","Transferencia térmica de tornillo planetario. Establecer estándar de T° de ingreso de aceite. Cerrado. #G1-D4006","Cerrada"
"1414","Azul","Alimentación y Extrusión","Alta","2020-06-17T23:10:10.000Z","Transferencia térmica. Control y calibración de equipo. Terminado. #G1-D4007","Cerrada"
"1418","Azul","Planta de Mezclado","Alta","2020-06-18T23:10:10.000Z","Generar lup y estandar faltante en matriz de habilidades turbo #G4-D1011","Cerrada"
"1419","Azul","Planta de Mezclado","Media","2020-06-18T23:10:10.000Z","Falta Estandar de tiempo de mezclado #G4-D4003","Cerrada"
"1420","Azul","Planta de Mezclado","Alta","2020-06-18T23:10:10.000Z","Estandar de temperaturas de mezclado #G4-D4004","Cerrada"
"1421","Azul","Planta de Mezclado","Alta","2020-06-18T23:10:10.000Z","Estandar temperatura de descarga #G4-D4005","Abierta"
"1422","Azul","Planta de Mezclado","Alta","2020-06-18T23:10:10.000Z","Contaminacion por filtro roto. Generar estandar de cambio y frecuencia #G4-D4500","Cerrada"
"1423","Azul","Planta de Mezclado","Alta","2020-06-18T23:10:10.000Z","Estandar de limpieza pendiente #G4-D4501","Cerrada"
"1424","Azul","Planta de Mezclado","Alta","2020-06-18T23:10:10.000Z","perdida por tapa de ciclon de aditivos solidos #G4-D4507","Abierta"
"1436","Azul","Calandrado","Alta","2020-06-24T23:10:10.000Z","Recolección líquido fosa #G2-3182","Cerrada"
"1438","Azul","Calandrado","Alta","2020-06-24T23:10:10.000Z","Limpieza piso de fosa y calandra #G2-3184","Cerrada"
"1437","Azul","Calandrado","Alta","2020-06-24T23:10:10.000Z","Limpieza mangueras rolos de estiro (aceite) #G2-3183","Cerrada"
"1439","Azul","Calandrado","Baja","2020-06-24T23:10:10.000Z","Etiquetar Tablero #G2-3185","Cerrada"
"1440","Azul","Calandrado","Baja","2020-06-29T23:10:10.000Z","Falta identficar manómetro balancín comando del rolo tractor #G2-3186","Cerrada"
"1441","Azul","Calandrado","Baja","2020-06-29T23:10:10.000Z","Falta identificar comandos tablero principal #G2-3187","Cerrada"
"1446","Azul","Planta de Mezclado","Media","2020-06-30T23:10:10.000Z","Suciedad acumulada en el entorno de maxibidones destapados. Ver bandeja de cables y estructurasd con contaminaciones potenciales. #G4-D2024","Abierta"
"1451","Azul","Calandrado","Media","2020-07-01T23:10:10.000Z","Falta STd de limpieza /insp campana de extraccion de vapores #G2-3251","Abierta"
"1452","Azul","Calandrado","Media","2020-07-01T23:10:10.000Z","Falta Std de limpieza / insp fosa principal  #G2-3252","Abierta"
"1460","Azul","Servicios Auxiliares","Baja","2020-07-01T23:10:10.000Z","Soporte en desuso #G3-D2013","Cerrada"
"1474","Azul","Calandrado","Baja","2020-07-15T23:10:10.000Z","Falta identificacion controladores de velocidad tablero principal  #G2-3266","Cerrada"
"1475","Azul","Calandrado","Baja","2020-07-15T23:10:10.000Z","Falta identificacion de medidores de T° de rolos de estiro/frios/laminadores #G2-3267","Cerrada"
"1478","Azul","Alimentación y Extrusión","Alta","2020-07-15T23:10:10.000Z","Boca de entrada compuesto de transitube no está alineada con hueco de tapa tornillo alimentador. #G1-D2012","Abierta"
"1479","Azul","Planta de Mezclado","Alta","2020-07-15T23:10:10.000Z","Perdida de tapa ciclon de aditivo solido #G4-D4502","Cerrada"
"1484","Azul","Alimentación y Extrusión","Baja","2020-07-22T23:10:10.000Z","Descarga de aceite con caño suelto, desarmada y no puesto en su lugar. #G1-D2018","Cerrada"
"1485","Azul","Alimentación y Extrusión","Media","2020-07-22T23:10:10.000Z","Manguera pierde aceite. Parte baja extrusor. #G1-D2019","Cerrada"
"1486","Azul","Alimentación y Extrusión","Media","2020-07-22T23:10:10.000Z","Pérdida de aceite parte baja extrusor, ensucia soporte de apoyo. #G1-D2020","Cerrada"
"1487","Azul","Servicios Auxiliares","Baja","2020-07-23T23:10:10.000Z","Falta identificacion tipo de flujo y direccion #G3-3167","Cerrada"
"1489","Azul","Servicios Auxiliares","Baja","2020-07-23T23:10:10.000Z","Cañeria electrica sin identificacion #G3-3169","Cerrada"
"1488","Azul","Servicios Auxiliares","Baja","2020-07-23T23:10:10.000Z","Cañeria electrica sin identificacion #G3-3168","Cerrada"
"1490","Azul","Servicios Auxiliares","Baja","2020-07-23T23:10:10.000Z","Cañeria electrica sin identificacion #G3-3170","Cerrada"
"1491","Azul","Servicios Auxiliares","Baja","2020-07-23T23:10:10.000Z","Cañeria electrica sin identificacion #G3-3171","Cerrada"
"1492","Azul","Servicios Auxiliares","Baja","2020-07-23T23:10:10.000Z","Cañeria electrica sin identificacion #G3-3172","Cerrada"
"1493","Azul","Servicios Auxiliares","Baja","2020-07-23T23:10:10.000Z","Cañeria electrica sin identificacion #G3-3173","Cerrada"
"1494","Azul","Servicios Auxiliares","Baja","2020-07-23T23:10:10.000Z","Cañeria electrica sin identificacion #G3-3174","Cerrada"
"1495","Azul","Servicios Auxiliares","Baja","2020-07-23T23:10:10.000Z","Cañeria electrica sin identificacion #G3-3175","Cerrada"
"1502","Azul","Servicios Auxiliares","Baja","2020-07-30T23:10:10.000Z","Cañeria electrica sin identificacion #G3-D2003","Cerrada"
"1501","Azul","Alimentación y Extrusión","Media","2020-07-30T23:10:10.000Z","Baranda lado tracción floja, se mueve. #G1-3188","Cerrada"
"1503","Azul","Servicios Auxiliares","Baja","2020-07-30T23:10:10.000Z","Cañeria electrica sin identificacion #G3-D2004","Cerrada"
"1504","Azul","Servicios Auxiliares","Baja","2020-07-30T23:10:10.000Z","Cañeria electrica sin identificacion #G3-D2005","Cerrada"
"1505","Azul","Servicios Auxiliares","Baja","2020-07-30T23:10:10.000Z","Cañeria electrica sin identificacion #G3-D2006","Cerrada"
"1506","Azul","Servicios Auxiliares","Baja","2020-07-30T23:10:10.000Z","Cañeria electrica sin identificacion #G3-D2007","Cerrada"
"1537","Azul","Planta de Mezclado","Media","2020-08-09T23:10:10.000Z","Pintar parte superior por manchas de soldaduras (sector frente liquidos) #G4-D2011","Cerrada"
"1556","Azul","Servicios Auxiliares","Baja","2020-08-18T23:10:10.000Z","indicador de caudal sin identificar rango  #G3-D2001","Cerrada"
"1557","Azul","Servicios Auxiliares","Baja","2020-08-18T23:10:10.000Z","indicador de caudal sin identificar rango  #G3-D2023","Cerrada"
"1562","Azul","Servicios Auxiliares","Baja","2020-08-20T23:10:10.000Z","Valvulas sin identificar sentido abierto, cerrado #G3-D2017","Cerrada"
"1559","Azul","Servicios Auxiliares","Baja","2020-08-20T23:10:10.000Z","Valvulas sin identificar sentido abierto, cerrado #G3-D2014","Cerrada"
"1561","Azul","Servicios Auxiliares","Baja","2020-08-20T23:10:10.000Z","Valvulas sin identificar sentido abierto, cerrado #G3-D2016","Cerrada"
"1560","Azul","Servicios Auxiliares","Baja","2020-08-20T23:10:10.000Z","Valvulas sin identificar sentido abierto, cerrado #G3-D2015","Cerrada"
"1568","Azul","Servicios Auxiliares","Baja","2020-08-25T23:10:10.000Z","Rejilla superior deteriorada #G3-D2022","Cerrada"
"1569","Azul","Planta de Mezclado","Media","2020-08-26T23:10:10.000Z","Pintar mezclador Base de turbo #G4-3190","Cerrada"
"1570","Azul","Planta de Mezclado","Media","2020-08-26T23:10:10.000Z","Falta pintura en columas piso 1 #G4-3191","Cerrada"
"1571","Azul","Calandrado","Alta","2020-08-26T23:10:10.000Z","Realizar registro de posición de rolos limpiadores cuando se realiza el cambio #G2-3194","Cerrada"
"1583","Azul","Alimentación y Extrusión","Baja","2020-08-31T23:10:10.000Z","Sujeta cables en desuso. #G1-D1076","Cerrada"
"1613","Azul","Servicios Auxiliares","Media","2020-09-29T23:10:10.000Z","Chapas deterioradas de la estacion de bombas #G3-D2029","Cerrada"
"1614","Azul","Servicios Auxiliares","Media","2020-09-29T23:10:10.000Z","Chapas deterioradas de la estacion de bombas #G3-D2030","Cerrada"
"1620","Azul","Servicios Auxiliares","Media","2020-10-01T23:10:10.000Z","Falta identificacion cañeria del sistema de agua #G3-D2025","Cerrada"
"1615","Azul","Servicios Auxiliares","Media","2020-09-29T23:10:10.000Z","Chapas deterioradas de la estacion de bombas #G3-D2031","Cerrada"
"1621","Azul","Servicios Auxiliares","Media","2020-10-01T23:10:10.000Z","Falta identificacion cañeria del sistema de agua #G3-D2026","Cerrada"
"1623","Azul","Alimentación y Extrusión","Media","2020-10-01T23:10:10.000Z","Cortinas entrada de molino de tortas deterioradas. #G1-D2028","Cerrada"
"1622","Azul","Alimentación y Extrusión","Media","2020-10-01T23:10:10.000Z","Cortinas de descarga deterioradas. Molino de tortas. #G1-D2027","Cerrada"
"1635","Azul","Planta de Mezclado","Media","2020-10-23T23:10:10.000Z","La base nueva de la balanza de resina esta despintada #G4-D2032","Abierta"
"1640","Azul","Alimentación y Extrusión","Media","2020-10-25T23:10:10.000Z","Cabina de vacío. Vidrio sucio con aceite. #G1-3199","Cerrada"
"1644","Azul","Calandrado","Baja","2020-10-28T23:10:10.000Z","Parte inferior cortadora de hojas con suciedad #G2-2","Cerrada"
"1645","Azul","Calandrado","Baja","2020-10-28T23:10:10.000Z","eliminar planchas de PVC zona inferior cortadora de hojas #G2-3","Cerrada"
"1647","Azul","Calandrado","Alta","2020-10-28T23:10:10.000Z","Desagote aceite fosa inferior #G2-5","Cerrada"
"1648","Azul","Calandrado","Alta","2020-10-28T23:10:10.000Z","Desagote aceite fosa lado tracción #G2-6","Cerrada"
"1649","Azul","Calandrado","Alta","2020-10-28T23:10:10.000Z","Desagote aceite centralina laminadores #G2-7","Cerrada"
"1650","Azul","Calandrado","Alta","2020-10-28T23:10:10.000Z","Desagote aceite fosa lado operador #G2-8","Cerrada"
"1662","Azul","Calandrado","Baja","2020-10-28T23:10:10.000Z","Re etiquetado tablero tren de estiro #G2-","Cerrada"
"1663","Azul","Calandrado","Baja","2020-10-28T23:10:10.000Z","Re etiquetado tablero tren de frío #G2-","Cerrada"
"1664","Azul","Calandrado","Baja","2020-10-28T23:10:10.000Z","Re etiquetado tablero laminadores principales #G2-","Cerrada"
"1669","Azul","Calandrado","Baja","2020-10-28T23:10:10.000Z","Pintar estructura cortadora de hojas #G2-","Abierta"
"1680","Azul","Calandrado","Alta","2020-10-28T23:10:10.000Z","Estándar Lubricación debobinadores #G2-","Abierta"
"1681","Azul","Calandrado","Alta","2020-10-28T23:10:10.000Z","Estándar lubricación estiro #G2-","Abierta"
"1682","Azul","Calandrado","Alta","2020-10-28T23:10:10.000Z","Estándar lubricación frío #G2-","Abierta"
"1683","Azul","Calandrado","Alta","2020-10-28T23:10:10.000Z","Estándar lubricación rolos principales #G2-","Abierta"
"431","Azul","Planta de Mezclado","Media","2021-01-19T17:12:00.262Z","Los silos  de aditivos solidos están sucios y con tapas abiertas. Realizar estándar limpieza","Cerrada"
"432","Azul","Planta de Mezclado","Media","2021-01-20T16:59:38.510Z","Reconversión de tarjeta roja 161A","Cerrada"
"433","Azul","Planta de Mezclado","Media","2021-02-11T14:26:49.490Z","Se observa riesgo de atropello a personas que circulen por la senda peatonal cuando se esta ingresando o sacando material del almacén hacia el turbo. ","Cerrada"
"434","Azul","Servicios Auxiliares","Alta","2021-02-26T13:34:17.917Z","PASA. Se detecta Pestillo de eslinga roto.","Cerrada"
"435","Azul","Cortadora WT","Alta","2021-02-26T23:22:09.842Z","Identificar y reacondicionar los tableros de bobinador y desbobinador","Abierta"
"436","Azul","Cortadora WT","Alta","2021-02-26T23:23:18.667Z","Actualizar parámetros de paradas en el sistema","Cerrada"
"437","Azul","Cortadora WT","Media","2021-02-26T23:24:23.833Z","Desorden y puchos sobrantes en estante de láminas de polietileno","Abierta"
"438","Azul","Cortadora WT","Media","2021-02-26T23:25:25.061Z","Organizar kanban láminas de polietileno/bolsas","Abierta"
"439","Azul","Cortadora WT","Media","2021-02-26T23:27:01.103Z","desorden sobre tablero cuerpo de máquina","Abierta"
"440","Azul","Cortadora WT","Baja","2021-02-26T23:27:51.688Z","Sacar compresor fuera de uso","Abierta"
"441","Azul","Cortadora WT","Baja","2021-02-26T23:28:44.477Z","Pintar los brazos - Reacondicionar","Abierta"
"442","Azul","Cortadora WT","Alta","2021-02-26T23:29:51.763Z","Lámina polietileno roza el piso al hacer el pasaje y por la estática levanta suciedad","Abierta"
"443","Azul","Cortadora WT","Baja","2021-02-26T23:30:44.226Z","Pintar máquina en aquellos sectores que están deteriorados","Abierta"
"444","Azul","Cortadora WT","Media","2021-02-26T23:31:52.777Z","Identificar las diferentes partes del dispenser de PE - LUP de uso - Tipos de láminas/anchos","Abierta"
"445","Azul","Cortadora WT","Media","2021-02-26T23:32:44.893Z","Ordenar mangueras / acoples rápidos","Abierta"
"446","Azul","Cortadora WT","Baja","2021-02-26T23:33:18.725Z","Pintar Brazos","Abierta"
"447","Azul","Cortadora WT","Baja","2021-02-26T23:34:22.004Z","Modificar acoples mangueras de aire / estandarizar medidas","Abierta"
"448","Azul","Cortadora WT","Baja","2021-02-26T23:35:11.113Z","Balanza scrap sin lugar fijo ","Abierta"
"449","Azul","Cortadora WT","Alta","2021-02-26T23:36:09.567Z","sacar elementos innecesarios del robot","Cerrada"
"450","Azul","Cortadora WT","Baja","2021-02-26T23:37:02.434Z","sacar zunchadora automática ubicada en el sector robot","Abierta"
"451","Azul","Laminadora","Alta","2021-03-02T18:03:51.705Z","Se realiza el mezclado del Aqualam con el Apilador Linde","Abierta"
"452","Azul","Laminadora","Alta","2021-03-02T18:29:46.826Z","Cambio de manguera y limpieza.","Abierta"
"453","Azul","Planta de Mezclado","Alta","2021-03-02T19:18:55.052Z","Reconversión de tarjeta roja 161A .Los silos de aditivos solidos están sucios y con tapas abiertas Realizar Estándar de Limpieza","Cerrada"
"1684","Azul","Calandrado","Alta","2021-03-26T15:50:23.845Z","Orden y limpieza, 5S, redistribución de puesto de trabajo para evitar riesgos. Se observa cables de maquina enchufado en pared y colocados sobre mesa central, con riesgo de caída/electrocución","Abierta"
"1685","Azul","Laminadora","Alta","2021-03-26T18:24:38.689Z","Demarcación tacho de basura sala pharma ","Abierta"
"1686","Azul","Laminadora","Media","2021-03-26T18:48:46.653Z","Delimitacion zona maxi bidón para adhesivo ","Abierta"
"1686","Azul","Laminadora","Media","2021-03-26T18:48:46.785Z","Delimitacion zona maxi bidón para adhesivo ","Abierta"
"1687","Azul","Laminadora","Baja","2021-03-26T18:50:06.501Z","Delimitacion zona para trapos ","Abierta"
"1688","Azul","Laminadora","Baja","2021-03-26T18:53:49.668Z","Delimitar zona para el armario ignífugo ","Abierta"
"1689","Azul","Laminadora","Baja","2021-03-26T18:55:06.083Z","Delimitación zona para estacionamiento de carro eléctrico ","Abierta"
"1690","Azul","Laminadora","Baja","2021-03-26T18:56:14.275Z","Delimitar zona para almacenamiento provisorio de bujes usados ","Abierta"
"1691","Azul","Laminadora","Baja","2021-03-26T18:58:27.228Z","Delimitación de zona de bujes para la sala negra ","Abierta"
"1692","Azul","Laminadora","Baja","2021-03-26T18:59:13.892Z","Delimitar zona trípode ","Abierta"
"1693","Azul","Cortadora WT","Alta","2021-03-26T19:51:14.719Z","Realizar estándar de limpieza de selladoras","Abierta"
"1694","Azul","Cortadora WT","Alta","2021-03-26T19:53:05.935Z","Limpiar/establecer estándar d limpieza a las líneas WT incluyendo estructuras y rolos inferiores.","Abierta"
"1695","Azul","Planta de Mezclado","Alta","2021-04-07T18:39:07.743Z","cables colgando a la altura de paso al 2piso. se soluciona en el momento. Mantenimieto modifico el cableado","Cerrada"
"1696","Azul","Cortadora WT","Alta","2021-04-07T18:40:39.302Z","Establecer estandar de limpieza de Embolsadoras (ambas)","Abierta"
"1697","Azul","Cortadora WT","Alta","2021-04-07T18:42:15.879Z","Establecer estandar de operacion de embolsadoras, definiendo anchos de PE a usar por cada diametro y ancho de bobina. Se observan bolsas 1 y 2 selladas juntas, se rechaza material ","Abierta"
"1698","Azul","Alimentación y Extrusión","Baja","2021-04-08T07:10:49.864Z","DESCARGA DE PVC PARA TOLVA ROTA","Abierta"
"1699","Azul","Cortadora WT","Alta","2021-04-08T15:05:24.990Z","canos muy oxidados lo cual ensucia el material terminado por el mismo contacto con las manos ","Cerrada"
"1700","Azul","Calandrado","Alta","2021-04-08T18:02:47.031Z","No hay un procedimiento para respetar sobre  el descarte de los trapos con querosen que quedan tirados en el piso, al lado de las escaleras de C43, con riesgo de caida de personas. Establecer una frecuencia de descarte. Ejemplo, cada turno descarta sus trapos en esto de residuo peligroso.  Actualmente, quedan de un turno a otro en el suelo","Abierta"
"1701","Azul","Calandrado","Media","2021-04-08T18:05:19.995Z","La bolsa de scrap queda mas de 24 hs con el descarte de material. Esto se transforma en peligroso, por el peso de la bolsa al bajar, ya que se acumula demasiad tiempo. Establecer estandar de cambio de bolsa cada 24 hs, ej: turno noche","Abierta"
"1702","Azul","Cortadora Euromac","Media","2021-04-10T16:14:14.272Z","las bolsas se rompen al manipularlas en la mesa de empaque","Abierta"
"1703","Azul","Cortadora Euromac","Media","2021-04-10T16:15:29.568Z","Pintar ""NO PASAR"" en el piso de la barrera del rebobinador","Cerrada"
"1704","Azul","Cortadora Euromac","Media","2021-04-10T16:17:18.978Z","Banda sobrante en lugar no definido ni identificado","Abierta"
"1705","Azul","Cortadora Euromac","Media","2021-04-10T16:18:15.541Z","Bolsas fuera del lugar definido para su almacenamiento","Abierta"
"1706","Azul","Cortadora Euromac","Media","2021-04-10T16:19:18.330Z","Cable canal sin identificación por norma eléctrica","Cerrada"
"1707","Azul","Cortadora Euromac","Media","2021-04-10T16:20:36.871Z","Cable canal sin identificación de servicio eléctrico en mesa transportadora","Cerrada"
"1708","Azul","Cortadora Euromac","Baja","2021-04-10T16:21:37.229Z","Grieta en el techo en el sector de ingreso - Colocar espuma","Cerrada"
"1709","Azul","Cortadora Euromac","Baja","2021-04-10T16:22:38.480Z","Cable canal sin identificación en el sector rebobinador","Cerrada"
"1710","Azul","Cortadora Euromac","Baja","2021-04-10T16:23:32.136Z","Identificar los cables canal","Abierta"
"1711","Azul","Cortadora Euromac","Media","2021-04-10T16:24:30.823Z","Identificar ""ON-OFF"" llave del tablero principal","Cerrada"
"1712","Azul","Cortadora Euromac","Baja","2021-04-10T16:25:49.098Z","Véntola sin lugar definido","Abierta"
"1713","Azul","Laminadora","Media","2021-04-12T12:52:59.182Z","Delimitación bomba mezclador de adhesivos","Abierta"
"1714","Azul","Laminadora","Media","2021-04-12T12:54:00.138Z","Delimitación tacho de basura -sala negra","Abierta"
"1715","Azul","Laminadora","Media","2021-04-12T12:54:47.545Z","Delimitación zona batch de adhesivos","Abierta"
"1716","Azul","Laminadora","Media","2021-04-12T12:55:35.721Z","Delimitación tarimas -Sala negra","Abierta"
"1717","Azul","Alimentación y Extrusión","Alta","2021-04-12T16:06:36.176Z","COLOCAR JUNTA FALTANTE EN UNION DE LA SALIDA DE LA CRIBA DEL MOLIONO","Abierta"
"1717","Azul","Alimentación y Extrusión","Alta","2021-04-12T16:06:36.395Z","COLOCAR JUNTA FALTANTE EN UNION DE LA SALIDA DE LA CRIBA DEL MOLIONO","Abierta"
"1717","Azul","Alimentación y Extrusión","Alta","2021-04-12T16:06:36.591Z","COLOCAR JUNTA FALTANTE EN UNION DE LA SALIDA DE LA CRIBA DEL MOLIONO","Abierta"
"1717","Azul","Alimentación y Extrusión","Alta","2021-04-12T16:06:36.643Z","COLOCAR JUNTA FALTANTE EN UNION DE LA SALIDA DE LA CRIBA DEL MOLIONO","Abierta"
"1717","Azul","Alimentación y Extrusión","Alta","2021-04-12T16:06:36.703Z","COLOCAR JUNTA FALTANTE EN UNION DE LA SALIDA DE LA CRIBA DEL MOLIONO","Abierta"
"1717","Azul","Alimentación y Extrusión","Alta","2021-04-12T16:06:36.874Z","COLOCAR JUNTA FALTANTE EN UNION DE LA SALIDA DE LA CRIBA DEL MOLIONO","Abierta"
"1717","Azul","Alimentación y Extrusión","Alta","2021-04-12T16:06:36.916Z","COLOCAR JUNTA FALTANTE EN UNION DE LA SALIDA DE LA CRIBA DEL MOLIONO","Abierta"
"1717","Azul","Alimentación y Extrusión","Alta","2021-04-12T16:06:36.946Z","COLOCAR JUNTA FALTANTE EN UNION DE LA SALIDA DE LA CRIBA DEL MOLIONO","Abierta"
"1717","Azul","Alimentación y Extrusión","Alta","2021-04-12T16:06:37.029Z","COLOCAR JUNTA FALTANTE EN UNION DE LA SALIDA DE LA CRIBA DEL MOLIONO","Abierta"
"1717","Azul","Alimentación y Extrusión","Alta","2021-04-12T16:06:40.090Z","COLOCAR JUNTA FALTANTE EN UNION DE LA SALIDA DE LA CRIBA DEL MOLIONO","Abierta"
"1717","Azul","Alimentación y Extrusión","Alta","2021-04-12T16:06:40.096Z","COLOCAR JUNTA FALTANTE EN UNION DE LA SALIDA DE LA CRIBA DEL MOLIONO","Abierta"
"1718","Azul","Planta de Mezclado","Alta","2021-04-16T15:03:22.247Z","El filtro de venteo del enfriador esta saturado, roto y sucio. Cambiar","Cerrada"
"1719","Azul","Planta de Mezclado","Alta","2021-04-16T15:20:30.081Z","El filtro de la balanza de aditivos esta con un corte en su parte superior y con aditivo acumulado encima.","Cerrada"
"1720","Azul","Planta de Mezclado","Alta","2021-04-16T15:24:47.788Z","Se observa el filtro de venteo saturado ,roto y sucio","Cerrada"
"1721","Azul","Planta de Mezclado","Alta","2021-04-19T18:20:22.456Z","El sector de pesaje de aditivos esta desordenado, con bolsas abiertas no respetando el estándar de trabajo. Reestablecer estándar de trabajo. Mantener orden y limpieza.","Abierta"
"1722","Azul","Planta de Mezclado","Alta","2021-04-19T18:23:06.117Z","EL pasillo esta con bolsones de Resina y del otro costado con bolsones vacíos de BIg-Bag obstaculizando el paso. Ordenar sector .delimitar lay-out ","Abierta"
"1723","Azul","Alimentación y Extrusión","Media","2021-04-19T23:09:03.204Z","PUERTA INTERNA BOBINADORES SALIDA DE LA GUIA POR DESENROSCARSE","Cerrada"
"1724","Azul","Planta de Mezclado","Alta","2021-04-21T13:19:43.550Z","Colocar caño para descarga de E2059 en el nivel del piso del turbo.","Cerrada"
"1725","Azul","Planta de Mezclado","Alta","2021-04-22T13:49:10.358Z","Se observo 2 pallet con materia prima en uno de los racks que se encuentran en el pasillo que va hacia la planta de mezclado, desplazados de los largueros con riesgo de caída. ","Cerrada"
"1726","Azul","Cortadora WT","Alta","2021-04-27T13:52:16.463Z","Posible contusión, atrapamiento de pies en zona de liberación de pallet. Dejan los pallet juntos y no se puede circular o queda el pie atrapado. Se deberia señalizar pasillos para poder circular seguros para el control de pallet","Abierta"
"1727","Azul","Cortadora WT","Alta","2021-04-27T14:31:36.024Z","El analista de calidad menciona que se corta los dedos con el film cuando arma las muestras. Establecer en la matriz de riesgo el armado de muestras con guante anticorte","Abierta"
"1728","Azul","Planta de Mezclado","Alta","2021-05-04T15:51:30.909Z","El limite de especificación para recambio de rolos no esta establecido.","Abierta"
"1729","Azul","Laminadora","Alta","2021-05-05T14:49:54.233Z","STD visual de limpieza de rolo ","Abierta"
"1730","Azul","Laminadora","Alta","2021-05-05T14:51:22.598Z","Falta establecer estándar de desincrustado","Abierta"
"1731","Azul","Laminadora","Alta","2021-05-05T14:54:57.797Z","Falta metodología de alineación. Establecer el método y limites de alineación.","Abierta"
"1732","Azul","Laminadora","Alta","2021-05-05T14:59:23.588Z","Desalineación de parrilla estiro Mal ajuste de placas de fijación. Establecer estándar de ajuste de placa","Abierta"
"1733","Azul","Laminadora","Alta","2021-05-05T15:03:55.440Z","Mal ajuste de placas de fijación. Generar estándar de medidas","Abierta"
"1734","Azul","Cortadora WT","Media","2021-05-12T14:33:20.905Z","Se observa muchos rollos de laminas de polietileno fuera de su lugar distribuidos por todo el sector, se percibe rollos ya usados y rollos nuevos. Falta de orden ","Abierta"
"1735","Azul","Cortadora Euromac","Baja","2021-05-19T20:48:06.188Z","Pintar ""NO PASAR"" en el piso a la altura de la barrera desbobinador","Cerrada"
"1736","Azul","Cortadora Euromac","Media","2021-05-19T20:51:53.462Z","Elementos de empaque sin lugar definido - Tapas rejillas, bolsas, láminas","Abierta"
"1737","Azul","Cortadora Euromac","Media","2021-05-19T21:14:06.910Z","Pintar ubicación para véntola y carro porta bujes","Abierta"
"1738","Azul","Cortadora Euromac","Media","2021-05-19T21:27:00.865Z","marcar las zonas de circulación en la sala pharma","Abierta"
"1739","Azul","Cortadora Euromac","Media","2021-05-19T21:28:08.375Z","Caixeiro: bujes empalmados pegan en la puerta de ingreso a la sala pharma","Cerrada"
"1740","Azul","Cortadora Euromac","Media","2021-05-19T21:29:23.351Z","Cables de PC sueltos en puesto de empaque - Ordenar y Precintar","Cerrada"
"1741","Azul","Cortadora Euromac","Media","2021-05-19T21:34:39.791Z","Carretilla de descarga manual posible golpe en piernas - señalizar y poner protección","Abierta"
"1742","Azul","Cortadora Euromac","Media","2021-05-19T21:51:21.966Z","Recortes de bujes tirados en el piso cortadora caixeiro","Abierta"
"1743","Azul","Cortadora Euromac","Alta","2021-05-19T21:53:44.984Z","material en proceso sin ubicación definida","Abierta"
"1744","Azul","Cortadora Euromac","Media","2021-05-19T22:53:43.402Z","Peatones y apiladores circulan por la misma senda","Abierta"
"1745","Azul","Cortadora Euromac","Alta","2021-05-19T22:54:36.176Z","Delimitar playa Euromac","Abierta"
"1746","Azul","Cortadora Euromac","Baja","2021-05-19T22:57:27.228Z","Matafuegos no corresponde al sector","Cerrada"
"1747","Azul","Cortadora Euromac","Alta","2021-05-19T23:01:15.236Z","Tablero eléctrico obstruído con carro de bujes","Cerrada"
"1748","Azul","Cortadora Euromac","Media","2021-05-19T23:03:41.217Z","Definir ubicación para mandriles debobinador","Abierta"
"1749","Azul","Oficina","Alta","2021-05-20T15:38:56.159Z","Se observo pallet mal estibados y con tarimas rotas en algunos de los racks de Almacén, presenta riesgo de caída ","Cerrada"
"1750","Azul","Calandrado","Baja","2021-05-26T15:16:15.270Z","FALTA VARILLA ROSCADA EN BASE CON RODILLOS  QUE VA SOBRE BALANZA","Cerrada"
"1751","Azul","Servicios Auxiliares","Alta","2021-06-02T16:02:17.441Z","Capacitar a personal de C43 y planta en general que solo el personal autorizado para abrir los tableros es el de Mantenimiento.","Cerrada"
"1752","Azul","Calandrado","Alta","2021-06-02T23:21:19.194Z","Falta estándar de operación centralina de aceite rolo gofrador. ","Abierta"
"1753","Azul","Calandrado","Alta","2021-06-02T23:45:50.037Z","Falta condiciones estándares de operación de la cortadora de hojas, para cada espesor y tamaño de hoja","Abierta"
"1754","Azul","Servicios Auxiliares","Alta","2021-06-04T14:04:14.429Z","Se observan varias tarimas rotas o mal estibadas en las estanterías de almacén. Bajar tarimas y capacitar para que no se vuelvan a subir tarimas en mal estado. ","Cerrada"
"1755","Azul","Cortadora WT","Alta","2021-06-04T19:29:01.508Z","LA ETIQUETADORA NO FUNCIONA , DEJA EL TIKET EN EL FILO DE LA BOBINA Y NO LO LEE EL SENSOR,  YA LO SOLUCIONE AJUSTANDO LA POSICION,,,, ETIQUETADORA 1","Abierta"
"1756","Azul","Laminadora","Alta","2021-06-10T20:00:56.709Z","Se observa bobina obstruyendo la senda peatonal contigua a laminadora. Riesgo de golpe ","Cerrada"
"1757","Azul","Laminadora","Alta","2021-06-15T12:08:38.554Z","Se observa 3 pallets con tarimas rotas, 2 de estos pallets están almacenados el el rack frente a la sala de atemperados y el otro esta sobre el piso. ","Cerrada"
"1758","Azul","Calandrado","Baja","2021-06-28T20:19:49.354Z","Falta una una boca/válvula de aire en nivel superior de calandra para poder inflar barras después de haberlas medido","Abierta"
"1759","Azul","Oficina","Alta","2021-07-05T18:44:50.936Z","Piso de oficina de MM descascarado/roto","Abierta"
"1760","Azul","Oficina","Alta","2021-07-05T18:50:55.210Z","Cajas de cartón cerca de los enchufes  ","Abierta"
"1761","Azul","Cortadora Euromac","Media","2021-07-05T18:57:35.457Z","Falta fijar un lugar para ventola en  Euromac","Abierta"
"1762","Azul","Servicios Auxiliares","Baja","2021-07-26T20:15:22.124Z","El cable del cargador de los traspaleta queda tirado en el piso cuando no se esta usando lo cual puede provocar tropiezo además de que se lo puede pisar con los carros y así arruinarlo.","Cerrada"
"1763","Azul","Calandrado","Alta","2021-08-05T12:57:41.631Z","Falta de recipientes donde tirar la basura.","Abierta"
"1764","Azul","Calandrado","Alta","2021-08-05T12:59:44.875Z","Faltan elementos de limpieza – escobillones, palas, lampazos ","Abierta"
"1765","Azul","Cortadora WT","Alta","2021-08-05T13:04:09.928Z","Sector desordenado ","Abierta"
"1766","Azul","Oficina","Alta","2021-08-05T13:05:39.794Z","Dejar el sector Ordenado, falta de herramientas y dejar los pasillos libres","Abierta"
"1767","Azul","Calandrado","Media","2021-08-19T22:09:03.560Z","Pestillo de puente grúa de bobinadores esta roto y a la vez genera posible corte por mal funcionamiento.","Cerrada"
"1768","Azul","Servicios Auxiliares","Alta","2021-08-22T05:05:55.348Z","Puerta sin candado y abierta con elementos energizados","Cerrada"
"1769","Azul","Alimentación y Extrusión","Alta","2021-08-29T03:15:43.747Z","inserto de rosca salido en cabezal","Cerrada"
"1770","Azul","Alimentación y Extrusión","Media","2021-08-30T06:28:21.677Z","chapa guía de la salida a descarga de la hoja doblada lado tracción ","Cerrada"
"1771","Azul","Alimentación y Extrusión","Alta","2021-08-30T06:46:49.335Z","PARRILA QUE VA EN EL SUELO PARA DESAGOTE DOBLADA CUNDO SE INGRESA CON LOS CARROS SE LEVANTA ","Cerrada"
"1772","Azul","Servicios Auxiliares","Baja","2021-08-31T18:16:51.863Z","Manómetro sin identificación","Abierta"
"1773","Azul","Servicios Auxiliares","Media","2021-08-31T18:18:19.545Z","Puerta de panel eléctrico abierta sin candado","Cerrada"
"1774","Azul","Servicios Auxiliares","Media","2021-08-31T18:19:39.121Z","Equipo entex de camisa planetario sucio","Cerrada"
"1775","Azul","Servicios Auxiliares","Media","2021-08-31T18:20:38.440Z","Equipo entex sucio","Cerrada"
"1776","Azul","Planta de Mezclado","Alta","2021-09-03T17:27:28.466Z","Cambiar burlete de la tapa del turbo por perdida de compuesto.","Cerrada"
"1777","Azul","Planta de Mezclado","Medio","2021-09-03T17:48:49.350Z","El lugar de la llave de agua del enfriador genera riesgo de golpearse la cabeza y hacer una mala fuerza.","Abierta"
"1778","Azul","Alimentación y Extrusión","Alta","2021-09-03T20:12:25.158Z","manda de tolva forzadora de tela","Abierta"
"1779","Azul","Alimentación y Extrusión","Media","2021-09-03T20:13:38.487Z","burlete de tapa de tolva forzadora con perdida de resina, no cioerra hermeticamente","Cerrada"
"1780","Azul","Laminadora","Alta","2021-09-06T15:38:53.909Z","se descarta agitan-305 por fecha de vencimiento, se desecha mas del 70% del recipiente.","Abierta"
"1781","Azul","Planta de Mezclado","Alta","2021-09-10T15:07:26.619Z","Materia prima y bolsones contaminados con excrementos de palomas.","Cerrada"
"1782","Azul","Planta de Mezclado","Alta","2021-09-10T15:15:37.521Z","Materia prima y bolsones con contaminación de madera","Cerrada"
"1783","Azul","Calandrado","Baja","2021-09-20T20:47:12.257Z","Mordazas de los bobinadores de PE estam muy duras para abrir y cerrar, se usa una llave para golpear.","Abierta"
"1784","Azul","Planta de Mezclado","Alta","2021-09-24T18:50:21.364Z","La balanza de líquidos tiene en su interior manchas de color negro por acumulación de liquido sucio.","Cerrada"
"1785","Azul","Planta de Mezclado","Alta","2021-09-24T18:55:35.001Z","EL control de temperatura del liquido 3 tiene seteado 52 °C y el tacho no mide mas de 20°C.","Cerrada"
"1786","Azul","Planta de Mezclado","Alta","2021-09-24T19:33:19.501Z","El silo 51 no tiene tapa con riesgo de contaminacion","Cerrada"
"1787","Azul","Planta de Mezclado","Alta","2021-09-24T19:41:53.855Z","SE encuentra los bolsones de Big-bag que se descargo los aditivos solidos acumulados arriba de los ilos fuera de uso en zona de silos de aditivos solidos","Cerrada"
"1788","Azul","Planta de Mezclado","Media","2021-09-27T10:31:01.210Z","T° de atemperado de líquidos L1, L2 y L3 no estandarizadas","Abierta"
"1789","Azul","Planta de Mezclado","Alta","2021-09-27T10:34:13.388Z","Suciedad en balanza líquidos","Cerrada"
"1790","Azul","Planta de Mezclado","Alta","2021-09-27T10:34:58.174Z","Suciedad en tacho de balanza","Cerrada"
"1791","Azul","Planta de Mezclado","Alta","2021-09-27T10:35:53.208Z","bandeja colectoras de pérdidas llenas de líquido","Cerrada"
"1792","Azul","Planta de Mezclado","Alta","2021-09-27T10:44:40.635Z","No hay estándar de limpieza sistema de alimentación/pesaje líquidos","Abierta"
"1793","Azul","Calandrado","Media","2021-09-30T19:20:44.599Z","desorden. Rolo de pe azul, pesas de 20 kg bidon con aceite, cunas de telgopor en diferentes lugares","Abierta"
"1794","Azul","Calandrado","Alta","2021-09-30T19:22:47.302Z","en dock de carga se observa acopio de bobinas, bujes, bidones de agua, tablero tpm, pallet con material a destruir. riesgo de accidente contra estos materiales","Abierta"
"1795","Azul","Alimentación y Extrusión","Media","2021-10-02T23:45:44.847Z","LAMPARA QUEMADA","Cerrada"
"1796","Azul","Planta de Mezclado","Alta","2021-10-13T13:43:34.748Z","Es imposible abrir la puerta de la Balanza de pesada de líquidos que contiene las tolvas de pesado con sus respectivas celdas de cargas. Frente a la puerta hay un gabinete cerrado diseñado para limpiar filtros con aire comprimido, que no usan desde hace mucho tiempo.","Cerrada"
"1797","Azul","Alimentación y Extrusión","Alta","2021-10-13T21:03:12.346Z","burlete de puerta cabina de vacío roto.","Abierta"
"1798","Azul","Alimentación y Extrusión","Media","2021-10-13T21:50:51.799Z","Estructura de cabina de Vacío, sin sujetar suelta generando que no sea hermética ","Abierta"
"1798","Azul","Alimentación y Extrusión","Media","2021-10-13T21:50:53.308Z","Estructura de cabina de Vacío, sin sujetar suelta generando que no sea hermética ","Abierta"
"1799","Azul","Alimentación y Extrusión","Media","2021-10-13T21:54:25.576Z","tapa punta tornillo de planetario de material metal donde se pega mucho el PVC.","Abierta"
"1800","Azul","Alimentación y Extrusión","Media","2021-10-13T22:06:02.250Z","Falta de STD de operación a la hora de apagar equipo ENTEX tornillo de Extrusor.","Abierta"
"1801","Azul","Alimentación y Extrusión","Media","2021-10-13T22:09:06.552Z","falta de STD para respetar los cambios de trabajo referido a secuencias y estructuras de material.","Abierta"
"1802","Azul","Cortadora WT","Alta","2021-10-20T14:37:19.550Z","En la medida diam 700 mm y ancho 109 mm. Al cambiar bolsa rota necesita una bolsa sellada para que el manipulador entre sin riesgo de caida","Abierta"
"1803","Azul","Planta de Mezclado","Media","2021-10-22T17:09:37.817Z","En sector de alimentación de aditivo solido se acumulan los big-bag vacíos.","Abierta"
"1804","Azul","Servicios Auxiliares","Alta","2021-11-17T17:17:48.911Z","Falta de rotacion de compuesto no utilizadp bloquea pasillos y deja sin lugar para almacenar materia prima.","Cerrada"
"1805","Azul","Servicios Auxiliares","Baja","2021-11-29T19:58:18.820Z","Pesas de 20kg sobre calibre de Balanza.","Abierta"
"1806","Azul","Servicios Auxiliares","Baja","2021-11-30T14:34:58.835Z","faltan mariposas en las fijaciones","Abierta"
"1807","Azul","Servicios Auxiliares","Baja","2021-11-30T14:52:00.020Z","Rejas superiores fuera de lugar","Abierta"
"1808","Azul","Servicios Auxiliares","Baja","2021-11-30T14:53:09.579Z","Rejilla superior doblada y suelta","Abierta"
"1809","Azul","Servicios Auxiliares","Baja","2021-11-30T14:54:27.758Z","Cartelería deteriorada","Abierta"
"1810","Azul","Planta de Mezclado","Alta","2021-11-30T15:56:04.525Z","columna en desuso","Abierta"
"1811","Azul","Oficina","Media","2021-12-03T12:47:41.972Z","Eliminar acrilicos y folios pegados en vidrio de lab de planta","Abierta"
"1812","Azul","Oficina","Media","2021-12-03T12:51:52.629Z","Definir tacho de ubicación de materia prima muestras en calandrita-S. Allende-5S-terminado","Abierta"
"1813","Azul","Alimentación y Extrusión","Alta","2021-12-07T17:31:04.754Z","Burlete fuera de condicion estandar de puerta de cabina de vacio- C43","Abierta"